act_symbol,period_end_date,reported,estimate,category,forecast_error,forecast_error_winsorized,year,calendar_month,fiscal_quarter,beat,surprise_pct,regime,sp500_return,sp500_return_z,vix_mean,vix_mean_z,revision_slope,revision_acceleration,direction_changes,final_vs_initial,spread_trend,analyst_count_trend,weeks_of_data,category_encoded,beat_proba,beat_pred
AMAT,2023-01-31,2.03,1.93,tech_cycle,0.09999999999999987,0.09999999999999987,2023,1,1,1,5.181347150259061,bull,0.07080501406034023,0.42047760753879126,25.07539691622295,1.1078046467158336,0.001153846153846139,-0.0006293706293706299,0.0,0.0,-0.004450549450549436,0.08241758241758242,13,5,0.9168657,1
DE,2023-01-31,6.55,5.53,economically_cyclical,1.0199999999999996,1.0199999999999996,2023,1,1,1,18.44484629294755,bull,0.07080501406034023,0.42047760753879126,25.07539691622295,1.1078046467158336,0.012342657342657397,-0.0013636363636363668,2.0,0.11000000000000032,-0.08870629370629378,0.22727272727272727,12,2,0.8201898,1
LOW,2023-01-31,2.28,2.21,economically_cyclical,0.06999999999999984,0.06999999999999984,2023,1,1,1,3.1674208144796308,bull,0.07080501406034023,0.42047760753879126,25.07539691622295,1.1078046467158336,-0.001392857142857132,-0.001054945054945058,0.0,-0.040000000000000036,-0.008750000000000003,0.0,15,2,0.4936286,0
NVDA,2023-01-31,0.88,0.81,tech_cycle,0.06999999999999995,0.06999999999999995,2023,1,1,1,8.64197530864197,bull,0.07080501406034023,0.42047760753879126,25.07539691622295,1.1078046467158336,0.000439560439560438,0.00010989010989010998,1.0,0.0,-0.009340659340659344,-0.1054945054945055,14,5,0.8193773,1
HD,2023-01-31,3.3,3.27,economically_cyclical,0.029999999999999805,0.029999999999999805,2023,1,1,1,0.9174311926605444,bull,0.07080501406034023,0.42047760753879126,25.07539691622295,1.1078046467158336,-0.0014945054945055252,1.2200253017858863e-17,1.0,-0.009999999999999787,-0.004285714285714283,-0.024175824175824177,14,2,0.6452956,1
AVGO,2023-01-31,10.33,10.16,tech_cycle,0.16999999999999993,0.16999999999999993,2023,1,1,1,1.673228346456692,bull,0.07080501406034023,0.42047760753879126,25.07539691622295,1.1078046467158336,0.0006643356643357061,-0.0013636363636363345,2.0,-0.009999999999999787,-0.013916083916083831,0.05244755244755245,12,5,0.90495795,1
WMT,2023-01-31,1.71,1.52,defensive_baseline,0.18999999999999995,0.18999999999999995,2023,1,1,1,12.499999999999996,bull,0.07080501406034023,0.42047760753879126,25.07539691622295,1.1078046467158336,0.0008131868131868153,0.0006043956043956049,0.0,0.020000000000000018,-0.002571428571428568,0.02857142857142857,14,1,0.4382369,0
NKE,2023-02-28,0.79,0.52,economically_cyclical,0.27,0.27,2023,2,1,1,51.92307692307693,sideways,0.07027218611635622,0.4140791534235574,20.6945161819458,0.3303263462125516,-0.0028021978021978084,0.0009440559440559449,1.0,-0.010000000000000009,-0.013186813186813187,0.08241758241758242,13,2,0.5555451,1
COST,2023-02-28,3.3,3.2,defensive_baseline,0.09999999999999964,0.09999999999999964,2023,2,1,1,3.124999999999989,sideways,0.07027218611635622,0.4140791534235574,20.6945161819458,0.3303263462125516,3.4965034965052854e-05,-9.090909090908897e-05,4.0,0.009999999999999787,-0.0020629370629370687,0.038461538461538464,12,1,0.68606955,1
MU,2023-02-28,-1.91,-0.66,tech_cycle,-1.25,-0.3803999999999999,2023,2,1,0,-189.39393939393938,sideways,0.07027218611635622,0.4140791534235574,20.6945161819458,0.3303263462125516,-0.011934065934065942,0.008406593406593403,0.0,-0.030000000000000027,-0.03476923076923076,0.0,14,5,0.7047374,1
C,2023-03-31,1.86,1.66,macro_rate_sensitive,0.20000000000000018,0.20000000000000018,2023,3,1,1,12.048192771084349,bull,0.07027218611635622,0.4140791534235574,20.6945161819458,0.3303263462125516,-0.015054945054945066,0.0033916083916083906,1.0,-0.010000000000000009,-0.03164835164835165,-0.07692307692307693,13,3,0.8388427,1
PFE,2023-03-31,1.23,1.0,regulatory_idiosyncratic,0.22999999999999998,0.22999999999999998,2023,3,1,1,23.0,bull,0.07027218611635622,0.4140791534235574,20.6945161819458,0.3303263462125516,-0.007307692307692298,0.0006993006993007,3.0,-0.06000000000000005,-0.007087912087912095,0.23076923076923078,13,4,0.55153364,1
AMGN,2023-03-31,3.98,3.84,regulatory_idiosyncratic,0.14000000000000012,0.14000000000000012,2023,3,1,1,3.645833333333337,bull,0.07027218611635622,0.4140791534235574,20.6945161819458,0.3303263462125516,-0.004685314685314647,-0.002909090909090916,2.0,-0.08000000000000007,-0.024755244755244765,0.06993006993006994,12,4,0.69804984,1
VLO,2023-03-31,8.27,7.24,commodity_driven,1.0299999999999994,1.0299999999999994,2023,3,1,1,14.226519337016565,bull,0.07027218611635622,0.4140791534235574,20.6945161819458,0.3303263462125516,0.03758241758241745,-0.008181818181818215,4.0,0.14999999999999947,-0.1986813186813187,0.0,13,0,0.21910307,0
LLY,2023-03-31,2.09,1.83,regulatory_idiosyncratic,0.2599999999999998,0.2599999999999998,2023,3,1,1,14.207650273224031,bull,0.07027218611635622,0.4140791534235574,20.6945161819458,0.3303263462125516,-0.002762237762237784,0.008818181818181812,2.0,0.019999999999999796,-0.0013986013986013873,0.2902097902097902,12,4,0.8742734,1
PEP,2023-03-31,1.5,1.37,defensive_baseline,0.1299999999999999,0.1299999999999999,2023,3,1,1,9.489051094890502,bull,0.07027218611635622,0.4140791534235574,20.6945161819458,0.3303263462125516,0.0046363636363636425,-0.0028484848484848575,2.0,0.0,-0.0019090909090909108,0.02727272727272727,11,1,0.37359008,0
CVX,2023-03-31,3.55,3.36,commodity_driven,0.18999999999999995,0.18999999999999995,2023,3,1,1,5.654761904761903,bull,0.07027218611635622,0.4140791534235574,20.6945161819458,0.3303263462125516,-0.022552447552447587,-0.001000000000000011,3.0,-0.2400000000000002,-0.14045454545454544,0.0,12,0,0.7735249,1
AMT,2023-03-31,2.54,2.38,macro_rate_sensitive,0.16000000000000014,0.16000000000000014,2023,3,1,1,6.722689075630258,bull,0.07027218611635622,0.4140791534235574,20.6945161819458,0.3303263462125516,-0.010166666666666716,0.0020238095238095228,2.0,-0.07000000000000028,-0.0026666666666666766,0.2833333333333333,9,3,0.4451778,0
AMZN,2023-03-31,0.31,0.21,economically_cyclical,0.1,0.1,2023,3,1,1,47.61904761904762,bull,0.07027218611635622,0.4140791534235574,20.6945161819458,0.3303263462125516,-0.0016783216783216783,0.002545454545454544,1.0,0.009999999999999981,-0.0024475524475524512,0.006993006993006993,12,2,0.48661307,0
COP,2023-03-31,2.71,2.72,commodity_driven,-0.010000000000000231,-0.010000000000000231,2023,3,1,0,-0.3676470588235379,bull,0.07027218611635622,0.4140791534235574,20.6945161819458,0.3303263462125516,-0.05467032967032966,-0.00874125874125874,2.0,-0.6400000000000001,-0.14934065934065935,0.07142857142857142,13,0,0.55741954,1
GS,2023-03-31,8.79,8.14,macro_rate_sensitive,0.6499999999999986,0.6499999999999986,2023,3,1,1,7.985257985257967,bull,0.07027218611635622,0.4140791534235574,20.6945161819458,0.3303263462125516,-0.09384615384615391,0.014510489510489524,4.0,-0.33999999999999986,-0.11445054945054955,0.03296703296703297,13,3,0.35545552,0
BAC,2023-03-31,0.94,0.79,macro_rate_sensitive,0.1499999999999999,0.1499999999999999,2023,3,1,1,18.987341772151886,bull,0.07027218611635622,0.4140791534235574,20.6945161819458,0.3303263462125516,-0.005428571428571418,0.0008241758241758268,2.0,-0.029999999999999916,-0.004285714285714277,-0.05934065934065934,14,3,0.62235737,1
BA,2023-03-31,-1.27,-0.98,economically_cyclical,-0.29000000000000004,-0.29000000000000004,2023,3,1,0,-29.59183673469388,bull,0.07027218611635622,0.4140791534235574,20.6945161819458,0.3303263462125516,-0.05879120879120879,-0.0024125874125874094,4.0,-0.59,-0.04131868131868131,-0.016483516483516484,13,2,0.35941988,0
MCD,2023-03-31,2.63,2.31,economically_cyclical,0.31999999999999984,0.31999999999999984,2023,3,1,1,13.852813852813844,bull,0.07027218611635622,0.4140791534235574,20.6945161819458,0.3303263462125516,0.0031118881118880892,-0.001000000000000007,2.0,0.009999999999999787,-0.0033566433566433315,-0.14685314685314685,12,2,0.88915807,1
NEM,2023-03-31,0.4,0.33,commodity_driven,0.07,0.07,2023,3,1,1,21.21212121212121,bull,0.07027218611635622,0.4140791534235574,20.6945161819458,0.3303263462125516,-0.007666666666666663,0.012976190476190474,4.0,-0.16999999999999998,-0.019666666666666662,0.08333333333333333,9,0,0.191015,0
SO,2023-03-31,0.79,0.71,defensive_baseline,0.08000000000000007,0.08000000000000007,2023,3,1,1,11.267605633802827,bull,0.07027218611635622,0.4140791534235574,20.6945161819458,0.3303263462125516,-0.019030303030303012,0.010499999999999997,2.0,-0.07999999999999996,-0.001939393939393933,0.34545454545454546,10,1,0.29135638,0
EOG,2023-03-31,3.3,3.31,commodity_driven,-0.010000000000000231,-0.010000000000000231,2023,3,1,0,-0.3021148036253846,bull,0.07027218611635622,0.4140791534235574,20.6945161819458,0.3303263462125516,-0.0570909090909091,0.002333333333333328,2.0,-0.4700000000000002,-0.120909090909091,0.07878787878787878,10,0,0.53622735,1
GE,2023-03-31,0.27,0.13,economically_cyclical,0.14,0.14,2023,3,1,1,107.69230769230771,bull,0.07027218611635622,0.4140791534235574,20.6945161819458,0.3303263462125516,0.017582417582417582,-0.006888111888111889,2.0,0.010000000000000009,0.004615384615384615,-0.04945054945054945,13,2,0.7563588,1
MMM,2023-03-31,1.97,1.6,economically_cyclical,0.3699999999999999,0.3699999999999999,2023,3,1,1,23.124999999999993,bull,0.07027218611635622,0.4140791534235574,20.6945161819458,0.3303263462125516,0.01120879120879119,-0.004895104895104897,4.0,0.0,-0.0023076923076923036,-0.038461538461538464,13,2,0.6725593,1
TSM,2023-03-31,1.31,1.21,tech_cycle,0.10000000000000009,0.10000000000000009,2023,3,1,1,8.264462809917363,bull,0.07027218611635622,0.4140791534235574,20.6945161819458,0.3303263462125516,0.010901098901098904,-0.0025274725274725273,2.0,0.0,0.0024175824175824197,0.04835164835164835,14,5,0.773974,1
QCOM,2023-03-31,2.15,2.16,tech_cycle,-0.010000000000000231,-0.010000000000000231,2023,3,1,0,-0.4629629629629736,bull,0.07027218611635622,0.4140791534235574,20.6945161819458,0.3303263462125516,-0.0003296703296702641,0.0022027972027972133,3.0,0.010000000000000231,-0.02274725274725277,0.0989010989010989,13,5,0.8285885,1
LRCX,2023-03-31,6.99,6.53,tech_cycle,0.45999999999999996,0.45999999999999996,2023,3,1,1,7.044410413476262,bull,0.07027218611635622,0.4140791534235574,20.6945161819458,0.3303263462125516,0.060419580419580496,-0.004363636363636367,2.0,0.0,-0.06933566433566433,-0.07342657342657342,12,5,0.8916491,1
USB,2023-03-31,1.16,1.13,macro_rate_sensitive,0.030000000000000027,0.030000000000000027,2023,3,1,1,2.654867256637171,bull,0.07027218611635622,0.4140791534235574,20.6945161819458,0.3303263462125516,-0.005839160839160826,-0.000454545454545457,2.0,-0.040000000000000036,0.011678321678321663,0.0,12,3,0.55590504,1
ASML,2023-03-31,5.31,4.59,tech_cycle,0.7199999999999998,0.7199999999999998,2023,3,1,1,15.686274509803916,bull,0.07027218611635622,0.4140791534235574,20.6945161819458,0.3303263462125516,0.004965034965034897,0.0030909090909090895,3.0,0.04999999999999982,0.0007342657342657403,0.024475524475524476,12,5,0.37203372,0
WFC,2023-03-31,1.23,1.15,macro_rate_sensitive,0.08000000000000007,0.08000000000000007,2023,3,1,1,6.956521739130442,bull,0.07027218611635622,0.4140791534235574,20.6945161819458,0.3303263462125516,-0.014725274725274714,0.0008391608391608368,2.0,-0.030000000000000027,-0.01631868131868132,-0.07692307692307693,13,3,0.44561794,0
GILD,2023-03-31,1.37,1.63,regulatory_idiosyncratic,-0.2599999999999998,-0.2599999999999998,2023,3,1,0,-15.95092024539876,bull,0.07027218611635622,0.4140791534235574,20.6945161819458,0.3303263462125516,-0.004265734265734274,0.003999999999999993,4.0,0.0,-0.009545454545454557,-0.10139860139860139,12,4,0.7414166,1
OXY,2023-03-31,1.09,1.3,commodity_driven,-0.20999999999999996,-0.20999999999999996,2023,3,1,0,-16.15384615384615,bull,0.07027218611635622,0.4140791534235574,20.6945161819458,0.3303263462125516,-0.025030303030303024,-0.0024999999999999983,2.0,-0.1399999999999999,-0.025454545454545462,0.012121212121212121,10,0,0.5214662,1
NEE,2023-03-31,0.84,0.75,defensive_baseline,0.08999999999999997,0.08999999999999997,2023,3,1,1,11.999999999999995,bull,0.07027218611635622,0.4140791534235574,20.6945161819458,0.3303263462125516,-0.005384615384615406,0.0005594405594405591,4.0,-0.030000000000000027,0.005494505494505489,0.06593406593406594,13,1,0.2554924,0
APD,2023-03-31,2.74,2.64,commodity_driven,0.10000000000000009,0.10000000000000009,2023,3,1,1,3.7878787878787907,bull,0.07027218611635622,0.4140791534235574,20.6945161819458,0.3303263462125516,0.0008791208791209072,0.00027472527472527863,3.0,0.010000000000000231,0.009142857142857137,0.08791208791208792,14,0,0.20836431,0
BMY,2023-03-31,2.05,1.98,regulatory_idiosyncratic,0.06999999999999984,0.06999999999999984,2023,3,1,1,3.5353535353535275,bull,0.07027218611635622,0.4140791534235574,20.6945161819458,0.3303263462125516,-0.0047552447552447405,0.002181818181818188,4.0,0.0,0.0068181818181818005,0.23426573426573427,12,4,0.6376595,1
TMO,2023-03-31,5.03,4.95,regulatory_idiosyncratic,0.08000000000000007,0.08000000000000007,2023,3,1,1,1.6161616161616175,bull,0.07027218611635622,0.4140791534235574,20.6945161819458,0.3303263462125516,-0.0004545454545454138,-0.0013636363636363588,2.0,-0.040000000000000036,0.0004545454545454666,-0.12237762237762238,12,4,0.8109546,1
DUK,2023-03-31,1.2,1.29,defensive_baseline,-0.09000000000000008,-0.09000000000000008,2023,3,1,0,-6.976744186046517,bull,0.07027218611635622,0.4140791534235574,20.6945161819458,0.3303263462125516,-0.010494505494505466,-0.0019230769230769225,3.0,-0.1299999999999999,0.009450549450549442,0.22527472527472528,13,1,0.11049862,0
LIN,2023-03-31,3.42,3.12,commodity_driven,0.2999999999999998,0.2999999999999998,2023,3,1,1,9.61538461538461,bull,0.07027218611635622,0.4140791534235574,20.6945161819458,0.3303263462125516,-0.0011818181818181728,0.0028484848484848606,2.0,0.03000000000000025,-0.0009090909090908897,0.045454545454545456,11,0,0.44036102,0
UNH,2023-03-31,6.26,6.24,regulatory_idiosyncratic,0.019999999999999574,0.019999999999999574,2023,3,1,1,0.32051282051281366,bull,0.07027218611635622,0.4140791534235574,20.6945161819458,0.3303263462125516,-0.018516483516483502,0.002622377622377585,2.0,0.019999999999999574,0.020109890109890116,-0.1043956043956044,13,4,0.9274455,1
MS,2023-03-31,1.7,1.67,macro_rate_sensitive,0.030000000000000027,0.030000000000000027,2023,3,1,1,1.7964071856287442,bull,0.07027218611635622,0.4140791534235574,20.6945161819458,0.3303263462125516,-0.01615384615384616,0.0010139860139860117,4.0,-0.08000000000000007,-0.0003846153846153886,0.11538461538461539,13,3,0.5043211,1
AEP,2023-03-31,1.11,1.14,defensive_baseline,-0.029999999999999805,-0.029999999999999805,2023,3,1,0,-2.6315789473684044,bull,0.07027218611635622,0.4140791534235574,20.6945161819458,0.3303263462125516,-0.01115151515151515,-0.00333333333333334,3.0,-0.1200000000000001,-0.001696969696969704,0.15757575757575756,10,1,0.17031711,0
MO,2023-03-31,1.18,1.19,defensive_baseline,-0.010000000000000009,-0.010000000000000009,2023,3,1,0,-0.8403361344537823,bull,0.07027218611635622,0.4140791534235574,20.6945161819458,0.3303263462125516,0.0010489510489510453,0.00018181818181818197,2.0,0.010000000000000009,0.0019230769230769247,-0.08391608391608392,12,1,0.78380406,1
MPC,2023-03-31,6.09,5.74,commodity_driven,0.34999999999999964,0.34999999999999964,2023,3,1,1,6.09756097560975,bull,0.07027218611635622,0.4140791534235574,20.6945161819458,0.3303263462125516,0.06703296703296704,-3.4965034965028006e-05,2.0,0.6399999999999997,-0.21076923076923085,-0.1043956043956044,13,0,0.76969194,1
INTC,2023-03-31,-0.04,-0.16,tech_cycle,0.12,0.12,2023,3,1,1,75.0,bull,0.07027218611635622,0.4140791534235574,20.6945161819458,0.3303263462125516,-0.008186813186813188,0.011713286713286716,2.0,0.0,-0.033791208791208796,0.08241758241758242,13,5,0.87216645,1
PNC,2023-03-31,3.98,3.6,macro_rate_sensitive,0.3799999999999999,0.3799999999999999,2023,3,1,1,10.555555555555554,bull,0.07027218611635622,0.4140791534235574,20.6945161819458,0.3303263462125516,0.003986013986014013,-0.00454545454545455,2.0,-0.06000000000000005,-0.014475524475524484,0.03146853146853147,12,3,0.5488361,1
PSX,2023-03-31,4.21,3.58,commodity_driven,0.6299999999999999,0.6299999999999999,2023,3,1,1,17.597765363128488,bull,0.07027218611635622,0.4140791534235574,20.6945161819458,0.3303263462125516,0.00263736263736262,-0.017272727272727283,5.0,-0.27,-0.18423076923076923,-0.016483516483516484,13,0,0.5157272,1
SBUX,2023-03-31,0.75,0.77,economically_cyclical,-0.020000000000000018,-0.020000000000000018,2023,3,1,0,-2.5974025974025996,bull,0.07027218611635622,0.4140791534235574,20.6945161819458,0.3303263462125516,-0.00027472527472527375,0.0007692307692307706,3.0,0.0,-0.004615384615384609,-0.0989010989010989,13,2,0.44161212,0
CL,2023-03-31,0.73,0.7,defensive_baseline,0.030000000000000027,0.030000000000000027,2023,3,1,1,4.28571428571429,bull,0.07027218611635622,0.4140791534235574,20.6945161819458,0.3303263462125516,0.0012237762237762256,-0.000636363636363637,1.0,0.0,-0.0021328671328671328,0.0,12,1,0.5593821,1
KMB,2023-03-31,1.67,1.34,defensive_baseline,0.32999999999999985,0.32999999999999985,2023,3,1,1,24.626865671641777,bull,0.07027218611635622,0.4140791534235574,20.6945161819458,0.3303263462125516,0.0031868131868132165,-0.0003496503496503484,3.0,0.020000000000000018,-0.007802197802197807,0.03296703296703297,13,1,0.44483927,0
ABT,2023-03-31,1.03,0.98,regulatory_idiosyncratic,0.050000000000000044,0.050000000000000044,2023,3,1,1,5.102040816326536,bull,0.07027218611635622,0.4140791534235574,20.6945161819458,0.3303263462125516,-0.001713286713286714,0.000636363636363636,1.0,0.0,0.001678321678321677,-0.05944055944055944,12,4,0.692256,1
JNJ,2023-03-31,2.68,2.51,regulatory_idiosyncratic,0.17000000000000037,0.17000000000000037,2023,3,1,1,6.772908366533879,bull,0.07027218611635622,0.4140791534235574,20.6945161819458,0.3303263462125516,-0.007972027972027977,0.0027272727272727214,2.0,0.0,-0.002692307692307708,0.03496503496503497,12,4,0.8589932,1
TXN,2023-03-31,1.85,1.76,tech_cycle,0.09000000000000008,0.09000000000000008,2023,3,1,1,5.113636363636368,bull,0.07027218611635622,0.4140791534235574,20.6945161819458,0.3303263462125516,0.002527472527472503,-0.0010139860139860132,2.0,0.0,0.001483516483516486,-0.016483516483516484,13,5,0.8030862,1
JPM,2023-03-31,4.1,3.41,macro_rate_sensitive,0.6899999999999995,0.6899999999999995,2023,3,1,1,20.234604105571833,bull,0.07027218611635622,0.4140791534235574,20.6945161819458,0.3303263462125516,-0.008736263736263676,0.0011188811188811122,3.0,-0.03000000000000025,0.0022527472527472388,-0.04945054945054945,13,3,0.51724535,1
PSA,2023-03-31,4.08,4.07,macro_rate_sensitive,0.009999999999999787,0.009999999999999787,2023,3,1,1,0.24570024570024046,bull,0.07027218611635622,0.4140791534235574,20.6945161819458,0.3303263462125516,0.007575757575757662,-0.0004999999999999894,2.0,0.0600000000000005,-0.004727272727272777,0.38181818181818183,10,3,0.9611272,1
MRK,2023-03-31,1.4,1.34,regulatory_idiosyncratic,0.05999999999999983,0.05999999999999983,2023,3,1,1,4.477611940298495,bull,0.07027218611635622,0.4140791534235574,20.6945161819458,0.3303263462125516,-0.0011888111888111884,0.0003636363636363741,2.0,-0.009999999999999787,-0.006223776223776237,0.2517482517482518,12,4,0.80884355,1
ABBV,2023-03-31,2.46,2.44,regulatory_idiosyncratic,0.020000000000000018,0.020000000000000018,2023,3,1,1,0.8196721311475417,bull,0.07027218611635622,0.4140791534235574,20.6945161819458,0.3303263462125516,-0.012181818181818196,0.011272727272727259,2.0,-0.1200000000000001,-0.02781818181818179,0.20909090909090908,11,4,0.36691862,0
KLAC,2023-03-31,5.49,5.3,tech_cycle,0.1900000000000004,0.1900000000000004,2023,3,1,1,3.584905660377366,bull,0.07027218611635622,0.4140791534235574,20.6945161819458,0.3303263462125516,0.01615384615384614,0.002342657342657361,2.0,0.0,-0.024065934065934054,-0.04945054945054945,13,5,0.8280084,1
KO,2023-03-31,0.68,0.65,defensive_baseline,0.030000000000000027,0.030000000000000027,2023,3,1,1,4.615384615384619,bull,0.07027218611635622,0.4140791534235574,20.6945161819458,0.3303263462125516,-0.0024848484848484747,0.003666666666666667,1.0,0.010000000000000009,-0.0023030303030303063,-0.01818181818181818,10,1,0.46301517,0
PLD,2023-03-31,1.22,1.21,macro_rate_sensitive,0.010000000000000009,0.010000000000000009,2023,3,1,1,0.8264462809917362,bull,0.07027218611635622,0.4140791534235574,20.6945161819458,0.3303263462125516,-0.000824175824175831,-0.00024475524475524497,0.0,-0.010000000000000009,-0.0027472527472527496,0.06043956043956044,13,3,0.59012365,1
CVS,2023-03-31,2.2,2.07,regulatory_idiosyncratic,0.13000000000000034,0.13000000000000034,2023,3,1,1,6.280193236714993,bull,0.07027218611635622,0.4140791534235574,20.6945161819458,0.3303263462125516,-0.0069930069930069306,0.0032727272727272696,3.0,-0.020000000000000018,-0.012692307692307656,0.14335664335664336,12,4,0.6275606,1
CAT,2023-03-31,4.91,3.79,economically_cyclical,1.12,1.12,2023,3,1,1,29.551451187335093,bull,0.07027218611635622,0.4140791534235574,20.6945161819458,0.3303263462125516,0.01402097902097894,-0.0017272727272727307,2.0,0.08000000000000007,-0.04115384615384615,-0.06993006993006994,12,2,0.6961618,1
AMD,2023-03-31,0.6,0.56,tech_cycle,0.039999999999999925,0.039999999999999925,2023,3,1,1,7.142857142857128,bull,0.07027218611635622,0.4140791534235574,20.6945161819458,0.3303263462125516,0.00038461538461537887,-0.0005244755244755269,2.0,0.0,-0.005109890109890114,0.03296703296703297,13,5,0.9452484,1
XOM,2023-03-31,2.83,2.65,commodity_driven,0.18000000000000016,0.18000000000000016,2023,3,1,1,6.792452830188686,bull,0.07027218611635622,0.4140791534235574,20.6945161819458,0.3303263462125516,0.016048951048951047,-0.000818181818181829,4.0,0.08000000000000007,-0.044720279720279754,-0.017482517482517484,12,0,0.49121845,0
PG,2023-03-31,1.37,1.32,defensive_baseline,0.050000000000000044,0.050000000000000044,2023,3,1,1,3.7878787878787907,bull,0.07027218611635622,0.4140791534235574,20.6945161819458,0.3303263462125516,0.00478021978021979,-0.0011188811188811167,2.0,0.0,-0.0010989010989011,-0.04395604395604396,13,1,0.5888778,1
SCHW,2023-03-31,0.93,0.9,macro_rate_sensitive,0.030000000000000027,0.030000000000000027,2023,3,1,1,3.333333333333336,bull,0.07027218611635622,0.4140791534235574,20.6945161819458,0.3303263462125516,-0.012747252747252753,-0.000699300699300696,2.0,-0.12,-0.007252747252747256,0.14835164835164835,13,3,0.4155039,0
HON,2023-03-31,2.07,1.93,economically_cyclical,0.1399999999999999,0.1399999999999999,2023,3,1,1,7.25388601036269,bull,0.07027218611635622,0.4140791534235574,20.6945161819458,0.3303263462125516,0.008741258741258766,-0.0025454545454545456,2.0,0.020000000000000018,-0.010769230769230767,-0.027972027972027972,12,2,0.74641085,1
SLB,2023-03-31,0.63,0.61,commodity_driven,0.020000000000000018,0.020000000000000018,2023,3,1,1,3.2786885245901667,bull,0.07027218611635622,0.4140791534235574,20.6945161819458,0.3303263462125516,0.001648351648351662,0.0005244755244755257,3.0,0.010000000000000009,-0.0029670329670329646,0.10989010989010989,13,0,0.48297882,0
AVGO,2023-04-30,10.32,10.13,tech_cycle,0.1899999999999995,0.1899999999999995,2023,4,2,1,1.8756169792694917,sideways,0.07027218611635622,0.4140791534235574,20.6945161819458,0.3303263462125516,0.015989010989010972,-0.015069930069930066,0.0,0.0,-0.04302197802197799,0.12637362637362637,13,5,0.92927665,1
NVDA,2023-04-30,1.09,0.92,tech_cycle,0.17000000000000004,0.17000000000000004,2023,4,2,1,18.478260869565222,sideways,0.07027218611635622,0.4140791534235574,20.6945161819458,0.3303263462125516,0.000659340659340655,-0.0007692307692307699,0.0,0.0,-0.008241758241758244,-0.054945054945054944,13,5,0.8697227,1
WMT,2023-04-30,1.47,1.32,defensive_baseline,0.1499999999999999,0.1499999999999999,2023,4,2,1,11.363636363636356,sideways,0.07027218611635622,0.4140791534235574,20.6945161819458,0.3303263462125516,-0.0005594405594405662,0.00018181818181818197,1.0,0.0,-0.010629370629370622,0.06643356643356643,12,1,0.73345923,1
AMAT,2023-04-30,2.0,1.84,tech_cycle,0.15999999999999992,0.15999999999999992,2023,4,2,1,8.69565217391304,sideways,0.07027218611635622,0.4140791534235574,20.6945161819458,0.3303263462125516,0.004615384615384615,-0.003951048951048954,0.0,0.0,-0.015824175824175828,0.03296703296703297,13,5,0.9387053,1
LOW,2023-04-30,3.67,3.48,economically_cyclical,0.18999999999999995,0.18999999999999995,2023,4,2,1,5.459770114942527,sideways,0.07027218611635622,0.4140791534235574,20.6945161819458,0.3303263462125516,-0.0035664335664335523,-0.002363636363636366,0.0,-0.06000000000000005,0.0015734265734265833,0.06993006993006994,12,2,0.35625136,0
HD,2023-04-30,3.82,3.8,economically_cyclical,0.020000000000000018,0.020000000000000018,2023,4,2,1,0.5263157894736847,sideways,0.07027218611635622,0.4140791534235574,20.6945161819458,0.3303263462125516,-0.004685314685314623,-0.001090909090909088,0.0,-0.04999999999999982,0.00017482517482518662,0.0,12,2,0.5661999,1
DE,2023-04-30,9.65,8.57,economically_cyclical,1.08,1.08,2023,4,2,1,12.602100350058343,sideways,0.07027218611635622,0.4140791534235574,20.6945161819458,0.3303263462125516,0.017142857142857244,-0.013846153846153867,0.0,0.019999999999999574,-0.001813186813186716,0.12637362637362637,13,2,0.77770984,1
NKE,2023-05-31,0.66,0.67,economically_cyclical,-0.010000000000000009,-0.010000000000000009,2023,5,2,0,-1.492537313432837,bull,0.08299929169508036,0.5669123559322576,16.46112900395547,-0.4209761585015802,-0.0014065934065934,0.0010989010989010963,1.0,0.010000000000000009,0.0011428571428571468,0.0,14,2,0.5290761,1
COST,2023-05-31,4.86,4.71,defensive_baseline,0.15000000000000036,0.15000000000000036,2023,5,2,1,3.184713375796186,bull,0.08299929169508036,0.5669123559322576,16.46112900395547,-0.4209761585015802,-0.003956043956043989,-0.0006993006993007,0.0,-0.040000000000000036,0.003791208791208798,0.23626373626373626,13,1,0.35678646,0
MU,2023-05-31,-1.43,-1.58,tech_cycle,0.15000000000000013,0.15000000000000013,2023,5,2,1,9.493670886075957,bull,0.08299929169508036,0.5669123559322576,16.46112900395547,-0.4209761585015802,-0.0065934065934065995,0.0019580419580419598,0.0,0.0,-0.06510989010989011,0.0,13,5,0.5989722,1
QCOM,2023-06-30,1.87,1.81,tech_cycle,0.06000000000000005,0.06000000000000005,2023,6,2,1,3.314917127071826,sideways,0.08299929169508036,0.5669123559322576,16.46112900395547,-0.4209761585015802,-0.02642857142857138,0.0047552447552447535,2.0,0.0,-0.033516483516483495,-0.01098901098901099,13,5,0.8285587,1
JNJ,2023-06-30,2.8,2.61,regulatory_idiosyncratic,0.18999999999999995,0.18999999999999995,2023,6,2,1,7.279693486590038,sideways,0.08299929169508036,0.5669123559322576,16.46112900395547,-0.4209761585015802,-0.002857142857142855,0.00013986013986012135,3.0,-0.010000000000000231,-4.8801012071435456e-18,-0.08791208791208792,13,4,0.79044557,1
DUK,2023-06-30,1.2,1.29,defensive_baseline,-0.09000000000000008,-0.09000000000000008,2023,6,2,0,-6.976744186046517,sideways,0.08299929169508036,0.5669123559322576,16.46112900395547,-0.4209761585015802,-0.014230769230769205,-0.0040559440559440555,2.0,-0.15999999999999992,0.004835164835164831,0.1043956043956044,13,1,0.337898,0
GE,2023-06-30,0.68,0.46,economically_cyclical,0.22000000000000003,0.22000000000000003,2023,6,2,1,47.82608695652174,sideways,0.08299929169508036,0.5669123559322576,16.46112900395547,-0.4209761585015802,-0.004340659340659351,0.0024125874125874125,2.0,0.010000000000000009,-0.0009890109890109881,0.13736263736263737,13,2,0.71848667,1
EOG,2023-06-30,2.69,2.42,commodity_driven,0.27,0.27,2023,6,2,1,11.157024793388432,sideways,0.08299929169508036,0.5669123559322576,16.46112900395547,-0.4209761585015802,-0.03489010989010984,-0.005279720279720279,2.0,-0.3700000000000001,-0.03763736263736265,-0.04395604395604396,13,0,0.6454938,1
SCHW,2023-06-30,0.75,0.72,macro_rate_sensitive,0.030000000000000027,0.030000000000000027,2023,6,2,1,4.1666666666666705,sideways,0.08299929169508036,0.5669123559322576,16.46112900395547,-0.4209761585015802,-0.0029670329670329672,-0.001223776223776228,4.0,-0.06000000000000005,-0.005164835164835152,0.03296703296703297,13,3,0.78192025,1
HON,2023-06-30,2.23,2.2,economically_cyclical,0.029999999999999805,0.029999999999999805,2023,6,2,1,1.3636363636363547,sideways,0.08299929169508036,0.5669123559322576,16.46112900395547,-0.4209761585015802,-0.0047802197802197565,0.0016783216783216829,2.0,0.0,-0.003461538461538428,0.06593406593406594,13,2,0.52178407,1
JPM,2023-06-30,4.37,3.62,macro_rate_sensitive,0.75,0.75,2023,6,2,1,20.718232044198896,sideways,0.08299929169508036,0.5669123559322576,16.46112900395547,-0.4209761585015802,0.009010989010989073,-0.004895104895104892,4.0,0.040000000000000036,0.0018681318681318868,-0.054945054945054944,13,3,0.92026365,1
PSA,2023-06-30,4.28,4.2,macro_rate_sensitive,0.08000000000000007,0.08000000000000007,2023,6,2,1,1.9047619047619064,sideways,0.08299929169508036,0.5669123559322576,16.46112900395547,-0.4209761585015802,-0.0021978021978022095,0.0009790209790209769,2.0,-0.009999999999999787,0.002197802197802141,-0.02197802197802198,13,3,0.4854955,0
LIN,2023-06-30,3.57,3.47,commodity_driven,0.09999999999999964,0.09999999999999964,2023,6,2,1,2.8818443804034475,sideways,0.08299929169508036,0.5669123559322576,16.46112900395547,-0.4209761585015802,-0.0031318681318681335,-0.00034965034965034374,3.0,0.0,0.0016483516483516254,0.07692307692307693,13,0,0.596477,1
MCD,2023-06-30,3.17,2.77,economically_cyclical,0.3999999999999999,0.3999999999999999,2023,6,2,1,14.440433212996387,sideways,0.08299929169508036,0.5669123559322576,16.46112900395547,-0.4209761585015802,-0.004890109890109913,0.003006993006993008,2.0,0.020000000000000018,-0.0072527472527472514,0.14285714285714285,13,2,0.8284639,1
ABBV,2023-06-30,2.91,2.79,regulatory_idiosyncratic,0.1200000000000001,0.1200000000000001,2023,6,2,1,4.3010752688172085,sideways,0.08299929169508036,0.5669123559322576,16.46112900395547,-0.4209761585015802,-0.010439560439560432,-0.004825174825174847,3.0,-0.15000000000000036,-0.004340659340659331,0.0,13,4,0.6643721,1
BA,2023-06-30,-0.82,-0.99,economically_cyclical,0.17000000000000004,0.17000000000000004,2023,6,2,1,17.171717171717177,sideways,0.08299929169508036,0.5669123559322576,16.46112900395547,-0.4209761585015802,-0.038241758241758225,0.0026923076923076883,2.0,-0.29000000000000004,-0.037252747252747256,-0.005494505494505495,13,2,0.23330972,0
KLAC,2023-06-30,5.4,4.82,tech_cycle,0.5800000000000001,0.5800000000000001,2023,6,2,1,12.033195020746888,sideways,0.08299929169508036,0.5669123559322576,16.46112900395547,-0.4209761585015802,0.015824175824175838,-0.007657342657342659,1.0,0.0,-0.031153846153846178,-0.0989010989010989,13,5,0.94975334,1
AMD,2023-06-30,0.58,0.57,tech_cycle,0.010000000000000009,0.010000000000000009,2023,6,2,1,1.7543859649122824,sideways,0.08299929169508036,0.5669123559322576,16.46112900395547,-0.4209761585015802,-9.760202414287091e-18,0.0,0.0,0.0,-0.00021978021978021997,-0.054945054945054944,13,5,0.82022357,1
BAC,2023-06-30,0.88,0.84,macro_rate_sensitive,0.040000000000000036,0.040000000000000036,2023,6,2,1,4.761904761904766,sideways,0.08299929169508036,0.5669123559322576,16.46112900395547,-0.4209761585015802,-0.0018681318681318625,-0.00038461538461538575,3.0,-0.020000000000000018,0.0013186813186813224,-0.016483516483516484,13,3,0.56283796,1
TXN,2023-06-30,1.87,1.76,tech_cycle,0.1100000000000001,0.1100000000000001,2023,6,2,1,6.250000000000005,sideways,0.08299929169508036,0.5669123559322576,16.46112900395547,-0.4209761585015802,0.00032967032967031286,-0.00013986013986014,1.0,0.0,-0.0009340659340659349,-0.11538461538461539,13,5,0.45337856,0
SLB,2023-06-30,0.72,0.71,commodity_driven,0.010000000000000009,0.010000000000000009,2023,6,2,1,1.4084507042253533,sideways,0.08299929169508036,0.5669123559322576,16.46112900395547,-0.4209761585015802,-0.0024175824175824098,0.0007692307692307691,1.0,0.0,-0.0010989010989011035,0.10989010989010989,13,0,0.49686626,0
PFE,2023-06-30,0.67,0.56,regulatory_idiosyncratic,0.10999999999999999,0.10999999999999999,2023,6,2,1,19.64285714285714,sideways,0.08299929169508036,0.5669123559322576,16.46112900395547,-0.4209761585015802,-0.0010989010989011048,-0.003916083916083918,2.0,-0.06000000000000005,0.0010439560439560376,0.10989010989010989,13,4,0.62520045,1
LRCX,2023-06-30,5.98,5.03,tech_cycle,0.9500000000000002,0.9393,2023,6,2,1,18.88667992047714,sideways,0.08299929169508036,0.5669123559322576,16.46112900395547,-0.4209761585015802,0.01630769230769236,-0.0010989010989011048,2.0,0.0,-0.02364835164835165,-0.06373626373626373,14,5,0.97285366,1
KO,2023-06-30,0.78,0.72,defensive_baseline,0.06000000000000005,0.06000000000000005,2023,6,2,1,8.333333333333341,sideways,0.08299929169508036,0.5669123559322576,16.46112900395547,-0.4209761585015802,-0.0014285714285714323,0.001188811188811189,1.0,0.010000000000000009,-0.0008241758241758231,-0.13186813186813187,13,1,0.8157868,1
AMZN,2023-06-30,0.63,0.34,economically_cyclical,0.29,0.29,2023,6,2,1,85.29411764705881,sideways,0.08299929169508036,0.5669123559322576,16.46112900395547,-0.4209761585015802,-0.0007032967032967,0.0004945054945054946,2.0,0.0,-0.018373626373626373,-0.10329670329670329,14,2,0.35021016,0
TSM,2023-06-30,1.14,1.07,tech_cycle,0.06999999999999984,0.06999999999999984,2023,6,2,1,6.542056074766339,sideways,0.08299929169508036,0.5669123559322576,16.46112900395547,-0.4209761585015802,0.003791208791208808,-0.0010139860139860132,2.0,0.0,-0.00021978021978021997,-0.01098901098901099,13,5,0.8788466,1
LLY,2023-06-30,2.11,1.98,regulatory_idiosyncratic,0.1299999999999999,0.1299999999999999,2023,6,2,1,6.56565656565656,sideways,0.08299929169508036,0.5669123559322576,16.46112900395547,-0.4209761585015802,0.0015714285714285886,-0.0007252747252747269,5.0,0.010000000000000009,0.000607142857142849,0.07142857142857142,15,4,0.67434496,1
GS,2023-06-30,3.08,3.25,macro_rate_sensitive,-0.16999999999999993,-0.16999999999999993,2023,6,2,0,-5.230769230769228,sideways,0.08299929169508036,0.5669123559322576,16.46112900395547,-0.4209761585015802,-0.16928571428571426,-0.17174825174825176,3.0,-4.64,0.10483516483516489,-0.21978021978021978,13,3,0.876283,1
PLD,2023-06-30,1.83,1.68,macro_rate_sensitive,0.15000000000000013,0.15000000000000013,2023,6,2,1,8.928571428571438,sideways,0.08299929169508036,0.5669123559322576,16.46112900395547,-0.4209761585015802,-0.010824175824175828,0.0026573426573426565,2.0,-0.010000000000000009,-0.0022527472527472474,-0.18681318681318682,13,3,0.88962644,1
UNH,2023-06-30,6.14,5.92,regulatory_idiosyncratic,0.21999999999999975,0.21999999999999975,2023,6,2,1,3.7162162162162122,sideways,0.08299929169508036,0.5669123559322576,16.46112900395547,-0.4209761585015802,-0.005054945054944947,-0.0012237762237761976,2.0,-0.0699999999999994,-0.019010989010989014,-0.02197802197802198,13,4,0.717994,1
AEP,2023-06-30,1.13,1.14,defensive_baseline,-0.010000000000000009,-0.010000000000000009,2023,6,2,0,-0.8771929824561412,sideways,0.08299929169508036,0.5669123559322576,16.46112900395547,-0.4209761585015802,-0.005419580419580422,-0.0050000000000000044,3.0,-0.13000000000000012,-0.008846153846153853,0.1258741258741259,12,1,0.6531398,1
APD,2023-06-30,2.98,2.91,commodity_driven,0.06999999999999984,0.06999999999999984,2023,6,2,1,2.4054982817869357,sideways,0.08299929169508036,0.5669123559322576,16.46112900395547,-0.4209761585015802,-0.002272727272727243,0.0024545454545454467,3.0,0.0,-0.00038461538461536553,0.04195804195804196,12,0,0.35202366,0
OXY,2023-06-30,0.68,0.7,commodity_driven,-0.019999999999999907,-0.019999999999999907,2023,6,2,0,-2.857142857142844,sideways,0.08299929169508036,0.5669123559322576,16.46112900395547,-0.4209761585015802,-0.037622377622377606,-0.009999999999999998,2.0,-0.47,-0.03695804195804195,-0.006993006993006993,12,0,0.56877965,1
ABT,2023-06-30,1.08,1.04,regulatory_idiosyncratic,0.040000000000000036,0.040000000000000036,2023,6,2,1,3.8461538461538494,sideways,0.08299929169508036,0.5669123559322576,16.46112900395547,-0.4209761585015802,-0.0018131868131868087,0.000594405594405595,3.0,0.0,-0.002692307692307695,-0.06593406593406594,13,4,0.75941104,1
AMT,2023-06-30,2.46,2.36,macro_rate_sensitive,0.10000000000000009,0.10000000000000009,2023,6,2,1,4.237288135593224,sideways,0.08299929169508036,0.5669123559322576,16.46112900395547,-0.4209761585015802,-0.001153846153846139,0.0008041958041958057,3.0,0.0,-0.0021428571428571555,-0.03296703296703297,13,3,0.6027231,1
GILD,2023-06-30,1.34,1.6,regulatory_idiosyncratic,-0.26,-0.26,2023,6,2,0,-16.25,sideways,0.08299929169508036,0.5669123559322576,16.46112900395547,-0.4209761585015802,-0.004769230769230742,0.00016483516483516985,2.0,-0.04999999999999982,0.008307692307692308,0.046153846153846156,14,4,0.3923009,0
INTC,2023-06-30,0.13,-0.04,tech_cycle,0.17,0.17,2023,6,2,1,425.0,sideways,0.08299929169508036,0.5669123559322576,16.46112900395547,-0.4209761585015802,-0.004450549450549451,0.0018181818181818182,3.0,-0.02,-0.038901098901098906,-0.0989010989010989,13,5,0.5530801,1
KMB,2023-06-30,1.65,1.48,defensive_baseline,0.16999999999999993,0.16999999999999993,2023,6,2,1,11.486486486486482,sideways,0.08299929169508036,0.5669123559322576,16.46112900395547,-0.4209761585015802,0.0016483516483516327,0.003951048951048953,1.0,0.09000000000000008,-0.003956043956043951,-0.14835164835164835,13,1,0.7746756,1
WFC,2023-06-30,1.25,1.15,macro_rate_sensitive,0.10000000000000009,0.10000000000000009,2023,6,2,1,8.695652173913052,sideways,0.08299929169508036,0.5669123559322576,16.46112900395547,-0.4209761585015802,-0.006923076923076912,-0.0038461538461538494,2.0,-0.1100000000000001,-0.006758241758241758,0.027472527472527472,13,3,0.7676778,1
ASML,2023-06-30,5.37,4.98,tech_cycle,0.3899999999999997,0.3899999999999997,2023,6,2,1,7.831325301204813,sideways,0.08299929169508036,0.5669123559322576,16.46112900395547,-0.4209761585015802,-0.014725274725274646,0.004160839160839169,3.0,-0.03999999999999915,-0.00043956043956039603,0.038461538461538464,13,5,0.68015635,1
PNC,2023-06-30,3.36,3.31,macro_rate_sensitive,0.04999999999999982,0.04999999999999982,2023,6,2,1,1.5105740181268827,sideways,0.08299929169508036,0.5669123559322576,16.46112900395547,-0.4209761585015802,-0.00815384615384614,0.00593406593406594,3.0,-0.040000000000000036,-0.02004395604395604,0.02857142857142857,14,3,0.47744405,0
PSX,2023-06-30,3.87,3.54,commodity_driven,0.33000000000000007,0.33000000000000007,2023,6,2,1,9.322033898305087,sideways,0.08299929169508036,0.5669123559322576,16.46112900395547,-0.4209761585015802,-0.10203296703296695,0.005384615384615382,3.0,-0.7599999999999998,-0.22675824175824175,0.1043956043956044,13,0,0.6491449,1
PG,2023-06-30,1.37,1.32,defensive_baseline,0.050000000000000044,0.050000000000000044,2023,6,2,1,3.7878787878787907,sideways,0.08299929169508036,0.5669123559322576,16.46112900395547,-0.4209761585015802,-0.000857142857142835,0.0009890109890109899,0.0,0.0,0.0005274725274725274,-0.05934065934065934,14,1,0.4219972,0
PEP,2023-06-30,2.09,1.95,defensive_baseline,0.1399999999999999,0.1399999999999999,2023,6,2,1,7.179487179487174,sideways,0.08299929169508036,0.5669123559322576,16.46112900395547,-0.4209761585015802,-0.02190909090909091,0.007454545454545457,1.0,0.0,-0.006181818181818188,-0.11818181818181818,11,1,0.66337126,1
AMGN,2023-06-30,5.0,4.44,regulatory_idiosyncratic,0.5599999999999996,0.5599999999999996,2023,6,2,1,12.612612612612603,sideways,0.08299929169508036,0.5669123559322576,16.46112900395547,-0.4209761585015802,-0.012131868131868107,0.005549450549450558,3.0,-0.019999999999999574,0.009846153846153855,-0.006593406593406593,14,4,0.54456764,1
XOM,2023-06-30,1.94,2.0,commodity_driven,-0.06000000000000005,-0.06000000000000005,2023,6,2,0,-3.0000000000000027,sideways,0.08299929169508036,0.5669123559322576,16.46112900395547,-0.4209761585015802,-0.011318681318681321,-0.00814685314685313,3.0,-0.19999999999999973,-0.026648351648351637,0.16483516483516483,13,0,0.4541261,0
VLO,2023-06-30,5.4,5.08,commodity_driven,0.3200000000000003,0.3200000000000003,2023,6,2,1,6.2992125984252025,sideways,0.08299929169508036,0.5669123559322576,16.46112900395547,-0.4209761585015802,-0.07708791208791212,0.018601398601398613,6.0,-0.5700000000000003,-0.3031868131868131,-0.027472527472527472,13,0,0.31052348,0
CAT,2023-06-30,5.55,4.51,economically_cyclical,1.04,1.04,2023,6,2,1,23.05986696230599,sideways,0.08299929169508036,0.5669123559322576,16.46112900395547,-0.4209761585015802,0.012923076923076945,-0.015274725274725271,2.0,0.0,-0.014681318681318672,-0.041758241758241756,14,2,0.8125141,1
CL,2023-06-30,0.77,0.75,defensive_baseline,0.020000000000000018,0.020000000000000018,2023,6,2,1,2.6666666666666687,sideways,0.08299929169508036,0.5669123559322576,16.46112900395547,-0.4209761585015802,-0.0008241758241758408,-0.00013986013986014,2.0,-0.010000000000000009,-0.0009890109890109916,-0.06593406593406594,13,1,0.5758721,1
MS,2023-06-30,1.24,1.14,macro_rate_sensitive,0.10000000000000009,0.10000000000000009,2023,6,2,1,8.771929824561413,sideways,0.08299929169508036,0.5669123559322576,16.46112900395547,-0.4209761585015802,-0.02291208791208792,-0.014090909090909102,2.0,-0.4600000000000002,0.012417582417582418,-0.054945054945054944,13,3,0.40721217,0
CVS,2023-06-30,2.21,2.12,regulatory_idiosyncratic,0.08999999999999986,0.08999999999999986,2023,6,2,1,4.245283018867918,sideways,0.08299929169508036,0.5669123559322576,16.46112900395547,-0.4209761585015802,-0.0060989010989011055,0.0026223776223776194,1.0,-0.020000000000000018,0.002857142857142834,0.06043956043956044,13,4,0.7914631,1
MPC,2023-06-30,5.32,4.55,commodity_driven,0.7700000000000005,0.7700000000000005,2023,6,2,1,16.923076923076934,sideways,0.08299929169508036,0.5669123559322576,16.46112900395547,-0.4209761585015802,-0.05263736263736255,0.010944055944055937,2.0,-0.2400000000000002,-0.2893406593406592,0.054945054945054944,13,0,0.62337226,1
MO,2023-06-30,1.31,1.31,defensive_baseline,0.0,0.0,2023,6,2,0,0.0,sideways,0.08299929169508036,0.5669123559322576,16.46112900395547,-0.4209761585015802,-0.00314285714285715,0.0006043956043956049,2.0,-0.010000000000000009,-0.00032967032967032994,0.07252747252747253,14,1,0.30503353,0
SO,2023-06-30,0.79,0.74,defensive_baseline,0.050000000000000044,0.050000000000000044,2023,6,2,1,6.756756756756762,sideways,0.08299929169508036,0.5669123559322576,16.46112900395547,-0.4209761585015802,-0.02819780219780222,0.003186813186813188,3.0,-0.08999999999999997,-0.016571428571428556,0.11648351648351649,14,1,0.5714253,1
NEM,2023-06-30,0.33,0.39,commodity_driven,-0.06,-0.06,2023,6,2,0,-15.384615384615383,sideways,0.08299929169508036,0.5669123559322576,16.46112900395547,-0.4209761585015802,0.0026573426573426595,0.0014545454545454538,3.0,0.04999999999999999,0.011083916083916085,-0.027972027972027972,12,0,0.6712002,1
SBUX,2023-06-30,1.0,0.95,economically_cyclical,0.050000000000000044,0.050000000000000044,2023,6,2,1,5.263157894736848,sideways,0.08299929169508036,0.5669123559322576,16.46112900395547,-0.4209761585015802,-0.005329670329670343,0.002552447552447552,2.0,-0.010000000000000009,-0.004285714285714286,0.07142857142857142,13,2,0.6100761,1
MMM,2023-06-30,2.17,1.65,economically_cyclical,0.52,0.52,2023,6,2,1,31.51515151515152,sideways,0.08299929169508036,0.5669123559322576,16.46112900395547,-0.4209761585015802,-0.010164835164835172,-0.0005944055944055965,2.0,-0.09000000000000008,-0.03153846153846156,-0.09340659340659341,13,2,0.57466036,1
BMY,2023-06-30,1.75,1.99,regulatory_idiosyncratic,-0.24,-0.24,2023,6,2,0,-12.060301507537687,sideways,0.08299929169508036,0.5669123559322576,16.46112900395547,-0.4209761585015802,-0.0047252747252747515,0.0010139860139860156,4.0,-0.029999999999999805,0.004010989010989004,0.25274725274725274,13,4,0.6500602,1
TMO,2023-06-30,5.15,5.43,regulatory_idiosyncratic,-0.27999999999999936,-0.27999999999999936,2023,6,2,0,-5.156537753222825,sideways,0.08299929169508036,0.5669123559322576,16.46112900395547,-0.4209761585015802,-0.014065934065934118,0.00510489510489512,1.0,0.0,-0.01857142857142862,-0.08241758241758242,13,4,0.8381491,1
C,2023-06-30,1.37,1.31,macro_rate_sensitive,0.06000000000000005,0.06000000000000005,2023,6,2,1,4.580152671755729,sideways,0.08299929169508036,0.5669123559322576,16.46112900395547,-0.4209761585015802,-0.006043956043956071,-0.004615384615384625,4.0,-0.16000000000000014,0.0012087912087912196,0.07692307692307693,13,3,0.62240666,1
NEE,2023-06-30,0.88,0.83,defensive_baseline,0.050000000000000044,0.050000000000000044,2023,6,2,1,6.024096385542174,sideways,0.08299929169508036,0.5669123559322576,16.46112900395547,-0.4209761585015802,0.000714285714285704,0.0019230769230769206,1.0,0.039999999999999925,0.0020879120879120825,0.016483516483516484,13,1,0.45562854,0
COP,2023-06-30,2.38,2.02,commodity_driven,0.3599999999999999,0.3599999999999999,2023,6,2,1,17.821782178217816,sideways,0.08299929169508036,0.5669123559322576,16.46112900395547,-0.4209761585015802,-0.036758241758241786,-0.007307692307692315,5.0,-0.43000000000000016,-0.051538461538461554,0.09340659340659341,13,0,0.6606226,1
USB,2023-06-30,1.12,1.13,macro_rate_sensitive,-0.009999999999999787,-0.009999999999999787,2023,6,2,0,-0.8849557522123707,sideways,0.08299929169508036,0.5669123559322576,16.46112900395547,-0.4209761585015802,-0.003351648351648378,-0.000804195804195805,2.0,-0.040000000000000036,-0.0039010989010989034,0.04395604395604396,13,3,0.72048694,1
MRK,2023-06-30,-2.06,-2.17,regulatory_idiosyncratic,0.10999999999999988,0.10999999999999988,2023,6,2,1,5.069124423963128,sideways,0.08299929169508036,0.5669123559322576,16.46112900395547,-0.4209761585015802,-0.20784615384615382,-0.11054945054945055,3.0,-4.02,0.013164835164835178,-0.15604395604395604,14,4,0.8103715,1
CVX,2023-06-30,3.08,2.95,commodity_driven,0.1299999999999999,0.1299999999999999,2023,6,2,1,4.406779661016945,sideways,0.08299929169508036,0.5669123559322576,16.46112900395547,-0.4209761585015802,-0.04247252747252761,1.2422075800001751e-17,4.0,-0.27,-0.05637362637362634,0.11538461538461539,13,0,0.73849773,1
HD,2023-07-31,4.65,4.46,economically_cyclical,0.1900000000000004,0.1900000000000004,2023,7,3,1,4.260089686098664,bull,0.08299929169508036,0.5669123559322576,16.46112900395547,-0.4209761585015802,-0.0015384615384615643,0.0010139860139860204,0.0,0.0,-0.003956043956043926,0.0989010989010989,13,2,0.6140095,1
NVDA,2023-07-31,2.7,2.09,tech_cycle,0.6100000000000003,0.6100000000000003,2023,7,3,1,29.186602870813417,bull,0.08299929169508036,0.5669123559322576,16.46112900395547,-0.4209761585015802,0.03456043956043953,-0.034825174825174825,0.0,0.020000000000000018,-0.0356043956043956,0.03296703296703297,13,5,0.98173654,1
AMAT,2023-07-31,1.9,1.73,tech_cycle,0.16999999999999993,0.16999999999999993,2023,7,3,1,9.826589595375719,bull,0.08299929169508036,0.5669123559322576,16.46112900395547,-0.4209761585015802,0.003846153846153852,-0.0037062937062937095,0.0,0.0,-0.016318681318681316,0.03296703296703297,13,5,0.9644533,1
AVGO,2023-07-31,10.54,10.42,tech_cycle,0.11999999999999922,0.11999999999999922,2023,7,3,1,1.151631477927056,bull,0.08299929169508036,0.5669123559322576,16.46112900395547,-0.4209761585015802,0.011208791208791126,-0.010209790209790197,0.0,0.0,-0.016813186813186717,0.06593406593406594,13,5,0.95855194,1
DE,2023-07-31,10.2,8.14,economically_cyclical,2.0599999999999987,2.0599999999999987,2023,7,3,1,25.30712530712529,bull,0.08299929169508036,0.5669123559322576,16.46112900395547,-0.4209761585015802,-0.004615384615384634,0.0015384615384615118,3.0,-0.030000000000001137,0.01582417582417585,-0.016483516483516484,13,2,0.45813072,0
WMT,2023-07-31,1.84,1.69,defensive_baseline,0.15000000000000013,0.15000000000000013,2023,7,3,1,8.875739644970421,bull,0.08299929169508036,0.5669123559322576,16.46112900395547,-0.4209761585015802,-0.0006593406593406843,0.00020979020979020998,1.0,0.0,-0.007472527472527478,-0.0989010989010989,13,1,0.6182403,1
LOW,2023-07-31,4.56,4.49,economically_cyclical,0.0699999999999994,0.0699999999999994,2023,7,3,1,1.5590200445434164,bull,0.08299929169508036,0.5669123559322576,16.46112900395547,-0.4209761585015802,-0.004340659340659316,0.0012587412587412661,2.0,0.03000000000000025,-0.045989010989011016,-0.10989010989010989,13,2,0.5631461,1
COST,2023-08-31,4.86,4.71,defensive_baseline,0.15000000000000036,0.15000000000000036,2023,8,3,1,3.184713375796186,sideways,-0.03647555543559855,-0.8677990474793531,15.05301583002484,-0.6708750952194976,0.00703431372549019,0.0003088235294117725,3.0,-0.010000000000000675,-0.09,-0.08823529411764706,17,1,0.2488686,0
NKE,2023-08-31,0.94,0.74,economically_cyclical,0.19999999999999996,0.19999999999999996,2023,8,3,1,27.027027027027025,sideways,-0.03647555543559855,-0.8677990474793531,15.05301583002484,-0.6708750952194976,-0.007142857142857147,0.008321678321678322,1.0,0.010000000000000009,-0.013571428571428573,0.19230769230769232,13,2,0.7711773,1
MU,2023-08-31,-1.07,-1.18,tech_cycle,0.10999999999999988,0.10999999999999988,2023,8,3,1,9.322033898305076,sideways,-0.03647555543559855,-0.8677990474793531,15.05301583002484,-0.6708750952194976,0.0019780219780219897,-0.0008741258741258749,0.0,0.0,-0.03247252747252747,0.0,13,5,0.9451006,1
SLB,2023-09-30,0.78,0.77,commodity_driven,0.010000000000000009,0.010000000000000009,2023,9,3,1,1.2987012987012998,bull,-0.03647555543559855,-0.8677990474793531,15.05301583002484,-0.6708750952194976,-0.00032967032967033726,0.00038461538461538494,0.0,0.0,-0.0016483516483516462,0.17582417582417584,13,0,0.44808653,0
CVX,2023-09-30,3.05,3.68,commodity_driven,-0.6300000000000003,-0.3495000000000001,2023,9,3,0,-17.119565217391315,bull,-0.03647555543559855,-0.8677990474793531,15.05301583002484,-0.6708750952194976,0.011923076923076932,0.015279720279720292,3.0,0.31000000000000005,-0.01604395604395604,0.06593406593406594,13,0,0.7240009,1
AMGN,2023-09-30,4.96,4.65,regulatory_idiosyncratic,0.3099999999999996,0.3099999999999996,2023,9,3,1,6.666666666666658,bull,-0.03647555543559855,-0.8677990474793531,15.05301583002484,-0.6708750952194976,-0.004265734265734286,-0.0009090909090908817,2.0,-0.02999999999999936,-0.010699300699300657,0.14685314685314685,12,4,0.91144323,1
C,2023-09-30,1.52,1.26,macro_rate_sensitive,0.26,0.26,2023,9,3,1,20.634920634920636,bull,-0.03647555543559855,-0.8677990474793531,15.05301583002484,-0.6708750952194976,-0.0025824175824175565,-0.0006293706293706299,2.0,-0.07000000000000006,-0.004010989010989011,0.43956043956043955,13,3,0.8823128,1
LIN,2023-09-30,3.63,3.57,commodity_driven,0.06000000000000005,0.06000000000000005,2023,9,3,1,1.6806722689075646,bull,-0.03647555543559855,-0.8677990474793531,15.05301583002484,-0.6708750952194976,0.002362637362637322,-0.003776223776223778,1.0,-0.010000000000000231,-0.004615384615384619,0.10989010989010989,13,0,0.6966077,1
DUK,2023-09-30,1.94,1.92,defensive_baseline,0.020000000000000018,0.020000000000000018,2023,9,3,1,1.0416666666666676,bull,-0.03647555543559855,-0.8677990474793531,15.05301583002484,-0.6708750952194976,-0.006703296703296697,-0.004160839160839169,1.0,-0.1200000000000001,0.002582417582417574,0.0,13,1,0.50909114,1
AMT,2023-09-30,2.58,2.35,macro_rate_sensitive,0.22999999999999998,0.22999999999999998,2023,9,3,1,9.787234042553191,bull,-0.03647555543559855,-0.8677990474793531,15.05301583002484,-0.6708750952194976,-0.00010989010989010755,0.010594405594405585,2.0,0.16999999999999993,0.0011538461538461707,0.06043956043956044,13,3,0.60288614,1
LLY,2023-09-30,2.11,1.98,regulatory_idiosyncratic,0.1299999999999999,0.1299999999999999,2023,9,3,1,6.56565656565656,bull,-0.03647555543559855,-0.8677990474793531,15.05301583002484,-0.6708750952194976,-0.2609340659340659,-0.06527972027972029,2.0,-2.96,0.029010989010989,-0.18681318681318682,13,4,0.8646609,1
PEP,2023-09-30,2.25,2.17,defensive_baseline,0.08000000000000007,0.08000000000000007,2023,9,3,1,3.6866359447004644,bull,-0.03647555543559855,-0.8677990474793531,15.05301583002484,-0.6708750952194976,0.0009890109890109582,-0.0017832167832167903,1.0,-0.010000000000000231,-0.0017582417582417598,0.0,13,1,0.42866698,0
AMZN,2023-09-30,0.85,0.58,economically_cyclical,0.27,0.27,2023,9,3,1,46.55172413793104,bull,-0.03647555543559855,-0.8677990474793531,15.05301583002484,-0.6708750952194976,0.00842657342657342,-0.008272727272727272,0.0,0.0,-0.01807692307692308,0.038461538461538464,12,2,0.79455936,1
TSM,2023-09-30,1.29,1.16,tech_cycle,0.13000000000000012,0.13000000000000012,2023,9,3,1,11.20689655172415,bull,-0.03647555543559855,-0.8677990474793531,15.05301583002484,-0.6708750952194976,-0.006923076923076932,0.006818181818181824,1.0,0.0,-0.007252747252747251,0.03296703296703297,13,5,0.90705854,1
TMO,2023-09-30,5.69,5.58,regulatory_idiosyncratic,0.11000000000000032,0.11000000000000032,2023,9,3,1,1.9713261648745577,bull,-0.03647555543559855,-0.8677990474793531,15.05301583002484,-0.6708750952194976,0.024065934065934137,0.003391608391608397,2.0,0.22000000000000064,-0.33945054945054937,0.0,13,4,0.5506434,1
APD,2023-09-30,3.15,3.11,commodity_driven,0.040000000000000036,0.040000000000000036,2023,9,3,1,1.2861736334405156,bull,-0.03647555543559855,-0.8677990474793531,15.05301583002484,-0.6708750952194976,-0.000989010989011007,-0.00017482517482517886,0.0,-0.010000000000000231,-0.0009890109890109825,0.0989010989010989,13,0,0.62552,1
OXY,2023-09-30,1.18,0.89,commodity_driven,0.2899999999999999,0.2899999999999999,2023,9,3,1,32.584269662921336,bull,-0.03647555543559855,-0.8677990474793531,15.05301583002484,-0.6708750952194976,-0.006417582417582425,0.0006593406593406581,5.0,-0.030000000000000027,-0.01608791208791209,0.05274725274725275,14,0,0.3940981,0
NEE,2023-09-30,0.94,0.86,defensive_baseline,0.07999999999999996,0.07999999999999996,2023,9,3,1,9.302325581395344,bull,-0.03647555543559855,-0.8677990474793531,15.05301583002484,-0.6708750952194976,-0.0004945054945054937,0.0007342657342657349,1.0,0.010000000000000009,0.0005494505494505505,0.0,13,1,0.43450648,0
USB,2023-09-30,1.05,1.04,macro_rate_sensitive,0.010000000000000009,0.010000000000000009,2023,9,3,1,0.9615384615384623,bull,-0.03647555543559855,-0.8677990474793531,15.05301583002484,-0.6708750952194976,-0.003131868131868143,-0.0011538461538461548,0.0,-0.040000000000000036,-5.494505494503303e-05,0.03296703296703297,13,3,0.7565471,1
GS,2023-09-30,5.47,5.32,macro_rate_sensitive,0.14999999999999947,0.14999999999999947,2023,9,3,1,2.819548872180441,bull,-0.03647555543559855,-0.8677990474793531,15.05301583002484,-0.6708750952194976,-0.08318681318681327,-0.04772727272727271,0.0,-1.5,0.05027472527472532,0.0,13,3,0.8599731,1
CAT,2023-09-30,5.52,4.75,economically_cyclical,0.7699999999999996,0.7699999999999996,2023,9,3,1,16.210526315789465,bull,-0.03647555543559855,-0.8677990474793531,15.05301583002484,-0.6708750952194976,0.019120879120879047,-0.00129370629370626,2.0,0.11000000000000032,-0.0297802197802198,0.03296703296703297,13,2,0.879217,1
MO,2023-09-30,1.28,1.29,defensive_baseline,-0.010000000000000009,-0.010000000000000009,2023,9,3,0,-0.7751937984496131,bull,-0.03647555543559855,-0.8677990474793531,15.05301583002484,-0.6708750952194976,-0.0009440559440559425,-0.00027272727272727295,0.0,-0.010000000000000009,0.000174825174825175,0.0,12,1,0.6455288,1
COP,2023-09-30,2.16,2.04,commodity_driven,0.1200000000000001,0.1200000000000001,2023,9,3,1,5.8823529411764754,bull,-0.03647555543559855,-0.8677990474793531,15.05301583002484,-0.6708750952194976,-0.012813186813186802,-0.0016483516483516475,4.0,-0.20000000000000018,-0.06369230769230766,0.0989010989010989,14,0,0.63520306,1
KLAC,2023-09-30,5.74,5.39,tech_cycle,0.35000000000000053,0.35000000000000053,2023,9,3,1,6.493506493506504,bull,-0.03647555543559855,-0.8677990474793531,15.05301583002484,-0.6708750952194976,0.023406593406593453,-0.02013986013986013,0.0,0.0,-0.06148351648351645,0.0989010989010989,13,5,0.96472055,1
ABBV,2023-09-30,2.95,2.86,regulatory_idiosyncratic,0.0900000000000003,0.0900000000000003,2023,9,3,1,3.1468531468531578,bull,-0.03647555543559855,-0.8677990474793531,15.05301583002484,-0.6708750952194976,0.00131868131868131,-0.0015384615384615398,0.0,0.0,-0.004175824175824172,0.1813186813186813,13,4,0.8927194,1
UNH,2023-09-30,6.56,6.33,regulatory_idiosyncratic,0.22999999999999954,0.22999999999999954,2023,9,3,1,3.6334913112164227,bull,-0.03647555543559855,-0.8677990474793531,15.05301583002484,-0.6708750952194976,-0.00615384615384614,0.0033916083916083846,2.0,-0.03000000000000025,0.009560439560439562,-0.06593406593406594,13,4,0.68765116,1
JPM,2023-09-30,4.33,3.89,macro_rate_sensitive,0.43999999999999995,0.43999999999999995,2023,9,3,1,11.311053984575834,bull,-0.03647555543559855,-0.8677990474793531,15.05301583002484,-0.6708750952194976,0.02291208791208786,-0.005069930069930069,0.0,0.1499999999999999,-0.019835164835164877,-0.005494505494505495,13,3,0.7804904,1
PSA,2023-09-30,4.33,4.21,macro_rate_sensitive,0.1200000000000001,0.1200000000000001,2023,9,3,1,2.8503562945368195,bull,-0.03647555543559855,-0.8677990474793531,15.05301583002484,-0.6708750952194976,-0.0025824175824175955,0.00010489510489510576,0.0,-0.020000000000000462,-0.008076923076923008,0.14835164835164835,13,3,0.80474323,1
MRK,2023-09-30,2.13,1.94,regulatory_idiosyncratic,0.18999999999999995,0.18999999999999995,2023,9,3,1,9.793814432989688,bull,-0.03647555543559855,-0.8677990474793531,15.05301583002484,-0.6708750952194976,-0.0010839160839160918,-9.090909090909098e-05,0.0,-0.010000000000000009,-0.0027972027972028,0.16433566433566432,12,4,0.904136,1
TXN,2023-09-30,1.8,1.81,tech_cycle,-0.010000000000000009,-0.010000000000000009,2023,9,3,0,-0.5524861878453043,bull,-0.03647555543559855,-0.8677990474793531,15.05301583002484,-0.6708750952194976,-0.0006043956043955817,-0.00031468531468531496,0.0,-0.010000000000000009,-0.0006043956043956049,0.0,13,5,0.72842896,1
JNJ,2023-09-30,2.66,2.52,regulatory_idiosyncratic,0.14000000000000012,0.14000000000000012,2023,9,3,1,5.55555555555556,bull,-0.03647555543559855,-0.8677990474793531,15.05301583002484,-0.6708750952194976,-0.020164835164835155,0.00034965034965035616,0.0,-0.16999999999999993,5.494505494506598e-05,0.2032967032967033,13,4,0.73702097,1
CL,2023-09-30,0.86,0.8,defensive_baseline,0.05999999999999994,0.05999999999999994,2023,9,3,1,7.499999999999993,bull,-0.03647555543559855,-0.8677990474793531,15.05301583002484,-0.6708750952194976,-1.9520404828574182e-17,0.0,0.0,0.0,3.660075905357659e-18,0.03296703296703297,13,1,0.6629424,1
ABT,2023-09-30,1.14,1.1,regulatory_idiosyncratic,0.039999999999999813,0.039999999999999813,2023,9,3,1,3.636363636363619,bull,-0.03647555543559855,-0.8677990474793531,15.05301583002484,-0.6708750952194976,-1.4640303621430636e-17,0.0,0.0,0.0,-0.0012637362637362576,0.03296703296703297,13,4,0.9083342,1
SBUX,2023-09-30,1.06,0.97,economically_cyclical,0.09000000000000008,0.09000000000000008,2023,9,3,1,9.278350515463925,bull,-0.03647555543559855,-0.8677990474793531,15.05301583002484,-0.6708750952194976,0.00019780219780219358,0.0004945054945054949,1.0,0.010000000000000009,0.0010769230769230775,0.07252747252747253,14,2,0.29713228,0
PSX,2023-09-30,4.63,4.78,commodity_driven,-0.15000000000000036,-0.15000000000000036,2023,9,3,0,-3.138075313807539,bull,-0.03647555543559855,-0.8677990474793531,15.05301583002484,-0.6708750952194976,0.09479020979020984,-0.026818181818181835,1.0,0.46999999999999975,0.04342657342657339,0.06993006993006994,12,0,0.57425773,1
AMD,2023-09-30,0.7,0.68,tech_cycle,0.019999999999999907,0.019999999999999907,2023,9,3,1,2.9411764705882213,bull,-0.03647555543559855,-0.8677990474793531,15.05301583002484,-0.6708750952194976,9.760202414287091e-18,0.0,0.0,0.0,-6.100126508929432e-19,0.0,13,5,0.80763805,1
PNC,2023-09-30,3.6,3.18,macro_rate_sensitive,0.41999999999999993,0.41999999999999993,2023,9,3,1,13.207547169811317,bull,-0.03647555543559855,-0.8677990474793531,15.05301583002484,-0.6708750952194976,-0.003356643356643409,0.0007272727272727117,2.0,-0.03000000000000025,0.007657342657342662,0.0,12,3,0.43465975,0
INTC,2023-09-30,0.41,0.21,tech_cycle,0.19999999999999998,0.19999999999999998,2023,9,3,1,95.23809523809523,bull,-0.03647555543559855,-0.8677990474793531,15.05301583002484,-0.6708750952194976,0.002307692307692305,-0.0013636363636363642,0.0,0.009999999999999981,-0.007912087912087912,0.06593406593406594,13,5,0.9115674,1
MPC,2023-09-30,8.14,7.79,commodity_driven,0.35000000000000053,0.35000000000000053,2023,9,3,1,4.492939666238774,bull,-0.03647555543559855,-0.8677990474793531,15.05301583002484,-0.6708750952194976,0.14978021978021985,0.012972027972027962,2.0,1.58,-0.03714285714285718,0.027472527472527472,13,0,0.758972,1
MS,2023-09-30,1.38,1.27,macro_rate_sensitive,0.10999999999999988,0.10999999999999988,2023,9,3,1,8.661417322834636,bull,-0.03647555543559855,-0.8677990474793531,15.05301583002484,-0.6708750952194976,-0.008791208791208765,-0.004720279720279719,0.0,-0.1499999999999999,-0.00043956043956043387,0.0,13,3,0.67081213,1
AEP,2023-09-30,1.77,1.73,defensive_baseline,0.040000000000000036,0.040000000000000036,2023,9,3,1,2.3121387283237014,bull,-0.03647555543559855,-0.8677990474793531,15.05301583002484,-0.6708750952194976,-0.007214285714285751,-0.0028131868131868157,1.0,-0.1200000000000001,0.0008214285714285864,0.0,15,1,0.41989395,0
PLD,2023-09-30,1.3,1.26,macro_rate_sensitive,0.040000000000000036,0.040000000000000036,2023,9,3,1,3.174603174603177,bull,-0.03647555543559855,-0.8677990474793531,15.05301583002484,-0.6708750952194976,-0.00032967032967033726,0.00038461538461538494,0.0,0.0,-0.00016483516483516497,0.03296703296703297,13,3,0.3291568,0
CVS,2023-09-30,2.21,2.13,regulatory_idiosyncratic,0.08000000000000007,0.08000000000000007,2023,9,3,1,3.7558685446009425,bull,-0.03647555543559855,-0.8677990474793531,15.05301583002484,-0.6708750952194976,-0.0006043956043956305,0.0015034965034965056,3.0,0.0,-0.00840659340659341,0.06043956043956044,13,4,0.49354985,0
KO,2023-09-30,0.74,0.69,defensive_baseline,0.050000000000000044,0.050000000000000044,2023,9,3,1,7.24637681159421,bull,-0.03647555543559855,-0.8677990474793531,15.05301583002484,-0.6708750952194976,-1.4640303621430636e-17,0.0,0.0,0.0,0.0008241758241758249,0.0,13,1,0.65024734,1
XOM,2023-09-30,2.27,2.36,commodity_driven,-0.08999999999999986,-0.08999999999999986,2023,9,3,0,-3.813559322033892,bull,-0.03647555543559855,-0.8677990474793531,15.05301583002484,-0.6708750952194976,0.02362637362637365,0.006363636363636363,5.0,0.28000000000000025,-0.008186813186813205,0.03296703296703297,13,0,0.7240319,1
SCHW,2023-09-30,0.77,0.75,macro_rate_sensitive,0.020000000000000018,0.020000000000000018,2023,9,3,1,2.6666666666666687,bull,-0.03647555543559855,-0.8677990474793531,15.05301583002484,-0.6708750952194976,-0.001263736263736271,-0.001013986013986015,1.0,-0.020000000000000018,-0.005164835164835163,0.0,13,3,0.89960945,1
GILD,2023-09-30,2.29,1.91,regulatory_idiosyncratic,0.3800000000000001,0.3800000000000001,2023,9,3,1,19.89528795811519,bull,-0.03647555543559855,-0.8677990474793531,15.05301583002484,-0.6708750952194976,0.0011428571428571497,-0.0018681318681318625,1.0,-0.010000000000000009,-0.00593406593406596,0.05714285714285714,14,4,0.89338535,1
VLO,2023-09-30,7.49,7.36,commodity_driven,0.1299999999999999,0.1299999999999999,2023,9,3,1,1.7663043478260854,bull,-0.03647555543559855,-0.8677990474793531,15.05301583002484,-0.6708750952194976,0.17203296703296708,-0.0176223776223776,2.0,1.1100000000000003,0.02434065934065925,0.08241758241758242,13,0,0.6105572,1
PG,2023-09-30,1.83,1.71,defensive_baseline,0.1200000000000001,0.1200000000000001,2023,9,3,1,7.0175438596491295,bull,-0.03647555543559855,-0.8677990474793531,15.05301583002484,-0.6708750952194976,0.001713286713286683,-0.001181818181818183,0.0,0.0,-0.002062937062937044,0.16433566433566432,12,1,0.6464944,1
HON,2023-09-30,2.27,2.22,economically_cyclical,0.04999999999999982,0.04999999999999982,2023,9,3,1,2.2522522522522443,bull,-0.03647555543559855,-0.8677990474793531,15.05301583002484,-0.6708750952194976,-0.0031318681318681335,0.002937062937062926,0.0,0.0,-0.006318681318681308,0.0,13,2,0.36932933,0
KMB,2023-09-30,1.74,1.58,defensive_baseline,0.15999999999999992,0.15999999999999992,2023,9,3,1,10.126582278481006,bull,-0.03647555543559855,-0.8677990474793531,15.05301583002484,-0.6708750952194976,-9.760202414287091e-18,0.0,0.0,0.0,-0.0009340659340659336,0.0,13,1,0.61652327,1
BMY,2023-09-30,2.0,1.76,regulatory_idiosyncratic,0.24,0.24,2023,9,3,1,13.636363636363635,bull,-0.03647555543559855,-0.8677990474793531,15.05301583002484,-0.6708750952194976,-0.008736263736263697,0.0019230769230769162,5.0,-0.06000000000000005,-0.002307692307692296,0.10989010989010989,13,4,0.76508427,1
PFE,2023-09-30,-0.17,-0.32,regulatory_idiosyncratic,0.15,0.15,2023,9,3,1,46.875,bull,-0.03647555543559855,-0.8677990474793531,15.05301583002484,-0.6708750952194976,-0.04807692307692309,-0.019930069930069932,1.0,-0.7,0.05879120879120879,0.07142857142857142,13,4,0.51711005,1
QCOM,2023-09-30,2.02,1.92,tech_cycle,0.10000000000000009,0.10000000000000009,2023,9,3,1,5.208333333333338,bull,-0.03647555543559855,-0.8677990474793531,15.05301583002484,-0.6708750952194976,0.0009890109890109973,0.000174825174825175,0.0,0.010000000000000009,0.0004945054945055084,0.03296703296703297,13,5,0.5532054,1
GE,2023-09-30,0.82,0.56,economically_cyclical,0.2599999999999999,0.2599999999999999,2023,9,3,1,46.42857142857141,bull,-0.03647555543559855,-0.8677990474793531,15.05301583002484,-0.6708750952194976,0.0013186813186813126,-0.0008741258741258734,2.0,-0.009999999999999898,-0.021923076923076924,-0.06043956043956044,13,2,0.6859368,1
EOG,2023-09-30,3.44,2.95,commodity_driven,0.48999999999999977,0.48999999999999977,2023,9,3,1,16.610169491525415,bull,-0.03647555543559855,-0.8677990474793531,15.05301583002484,-0.6708750952194976,0.0188571428571429,0.0013736263736263859,1.0,0.16000000000000014,-0.03628571428571428,-0.05274725274725275,14,0,0.43821272,0
ASML,2023-09-30,5.23,5.0,tech_cycle,0.23000000000000043,0.23000000000000043,2023,9,3,1,4.6000000000000085,bull,-0.03647555543559855,-0.8677990474793531,15.05301583002484,-0.6708750952194976,-0.006648351648351731,-0.00188811188811191,2.0,-0.11000000000000032,0.006813186813186858,0.09340659340659341,13,5,0.73431134,1
BA,2023-09-30,-3.26,-3.21,economically_cyclical,-0.04999999999999982,-0.04999999999999982,2023,9,3,0,-1.5576323987538885,bull,-0.03647555543559855,-0.8677990474793531,15.05301583002484,-0.6708750952194976,-0.2642307692307692,-0.035314685314685304,2.0,-2.6999999999999997,0.16582417582417583,0.07692307692307693,13,2,0.8238386,1
MCD,2023-09-30,3.19,3.0,economically_cyclical,0.18999999999999995,0.18999999999999995,2023,9,3,1,6.333333333333331,bull,-0.03647555543559855,-0.8677990474793531,15.05301583002484,-0.6708750952194976,0.0008351648351648252,0.0010989010989010974,1.0,0.020000000000000018,-0.006065934065934084,0.08131868131868132,14,2,0.55246013,1
WFC,2023-09-30,1.39,1.25,macro_rate_sensitive,0.1399999999999999,0.1399999999999999,2023,9,3,1,11.199999999999992,bull,-0.03647555543559855,-0.8677990474793531,15.05301583002484,-0.6708750952194976,0.0010989010989011145,-0.0013986013986014,4.0,0.0,-0.0009890109890109862,0.10989010989010989,13,3,0.69640636,1
NEM,2023-09-30,0.36,0.42,commodity_driven,-0.06,-0.06,2023,9,3,0,-14.285714285714285,bull,-0.03647555543559855,-0.8677990474793531,15.05301583002484,-0.6708750952194976,-0.009318681318681337,-0.002197802197802198,4.0,-0.14000000000000007,-0.005230769230769232,-0.07692307692307693,14,0,0.41786158,0
MMM,2023-09-30,2.68,2.34,economically_cyclical,0.3400000000000003,0.3400000000000003,2023,9,3,1,14.529914529914546,bull,-0.03647555543559855,-0.8677990474793531,15.05301583002484,-0.6708750952194976,-0.001703296703296706,-0.000979020979020983,2.0,-0.020000000000000018,-0.0007142857142857308,-0.03296703296703297,13,2,0.7419903,1
LRCX,2023-09-30,6.85,6.07,tech_cycle,0.7799999999999994,0.7799999999999994,2023,9,3,1,12.850082372322888,bull,-0.03647555543559855,-0.8677990474793531,15.05301583002484,-0.6708750952194976,0.009020979020979064,-0.0041818181818181815,1.0,0.0,-0.06853146853146856,0.038461538461538464,12,5,0.92209905,1
BAC,2023-09-30,0.9,0.81,macro_rate_sensitive,0.08999999999999997,0.08999999999999997,2023,9,3,1,11.111111111111107,bull,-0.03647555543559855,-0.8677990474793531,15.05301583002484,-0.6708750952194976,-0.0012637362637362465,0.00013986013986013726,4.0,0.0,0.012527472527472529,-0.016483516483516484,13,3,0.46697405,0
SO,2023-09-30,1.42,1.32,defensive_baseline,0.09999999999999987,0.09999999999999987,2023,9,3,1,7.575757575757565,bull,-0.03647555543559855,-0.8677990474793531,15.05301583002484,-0.6708750952194976,-0.015208791208791204,0.0037912087912087933,2.0,-0.05999999999999983,-0.0077802197802197765,0.1054945054945055,14,1,0.57479227,1
DE,2023-10-31,8.26,7.49,economically_cyclical,0.7699999999999996,0.7699999999999996,2023,10,4,1,10.280373831775695,sideways,-0.03647555543559855,-0.8677990474793531,15.05301583002484,-0.6708750952194976,-0.0011648351648352922,-0.004065934065934062,3.0,-0.08999999999999986,0.010219780219780244,-0.05934065934065934,14,2,0.43878472,0
HD,2023-10-31,3.81,3.76,economically_cyclical,0.050000000000000266,0.050000000000000266,2023,10,4,1,1.3297872340425603,sideways,-0.03647555543559855,-0.8677990474793531,15.05301583002484,-0.6708750952194976,-0.0007142857142857089,-0.0004895104895104806,4.0,-0.020000000000000018,-0.008626373626373588,0.08241758241758242,13,2,0.816755,1
WMT,2023-10-31,1.53,1.53,defensive_baseline,0.0,0.0,2023,10,4,0,0.0,sideways,-0.03647555543559855,-0.8677990474793531,15.05301583002484,-0.6708750952194976,0.0003296703296703324,0.00038461538461538494,0.0,0.010000000000000009,-0.0016483516483516425,0.03296703296703297,13,1,0.53797424,1
AVGO,2023-10-31,1.11,1.1,tech_cycle,0.010000000000000009,0.010000000000000009,2023,10,4,1,0.9090909090909097,sideways,-0.03647555543559855,-0.8677990474793531,15.05301583002484,-0.6708750952194976,-0.00026373626373621124,0.00043956043956039115,2.0,-0.02000000000000135,-0.04116483516483521,0.0,14,5,0.39379793,0
LOW,2023-10-31,3.06,3.05,economically_cyclical,0.010000000000000231,0.010000000000000231,2023,10,4,1,0.327868852459024,sideways,-0.03647555543559855,-0.8677990474793531,15.05301583002484,-0.6708750952194976,-0.007857142857142934,-0.001573426573426574,0.0,-0.08000000000000007,-0.0013186813186813174,0.06043956043956044,13,2,0.48511896,0
NVDA,2023-10-31,4.02,3.36,tech_cycle,0.6599999999999997,0.6599999999999997,2023,10,4,1,19.642857142857135,sideways,-0.03647555543559855,-0.8677990474793531,15.05301583002484,-0.6708750952194976,0.035274725274725284,-0.03125874125874125,0.0,0.040000000000000036,-0.07500000000000001,0.0,13,5,0.82394475,1
AMAT,2023-10-31,2.12,1.98,tech_cycle,0.14000000000000012,0.14000000000000012,2023,10,4,1,7.070707070707077,sideways,-0.03647555543559855,-0.8677990474793531,15.05301583002484,-0.6708750952194976,0.01944055944055945,-0.016909090909090905,0.0,0.0,-0.028776223776223776,0.1888111888111888,12,5,0.98521495,1
MU,2023-11-30,-0.95,-0.99,tech_cycle,0.040000000000000036,0.040000000000000036,2023,11,4,1,4.040404040404044,bull,0.11235416923349151,0.9194198381476946,15.325714308118064,-0.6224790848832942,0.004650349650349632,0.0017272727272727288,1.0,0.050000000000000044,-0.01867132867132867,-0.15384615384615385,12,5,0.5444578,1
NKE,2023-11-30,1.03,0.84,economically_cyclical,0.19000000000000006,0.19000000000000006,2023,11,4,1,22.619047619047628,bull,0.11235416923349151,0.9194198381476946,15.325714308118064,-0.6224790848832942,-0.0014685314685314683,0.0005454545454545459,0.0,-0.010000000000000009,-0.0079020979020979,0.16083916083916083,12,2,0.7075888,1
COST,2023-11-30,3.71,3.6,defensive_baseline,0.10999999999999988,0.10999999999999988,2023,11,4,1,3.055555555555552,bull,0.11235416923349151,0.9194198381476946,15.325714308118064,-0.6224790848832942,0.002727272727272669,-0.0005454545454545526,0.0,0.009999999999999787,-0.0029999999999999684,0.10909090909090909,11,1,0.7732802,1
CAT,2023-12-31,5.23,4.76,economically_cyclical,0.47000000000000064,0.47000000000000064,2023,12,4,1,9.873949579831946,sideways,0.11235416923349151,0.9194198381476946,15.325714308118064,-0.6224790848832942,-0.007054945054945198,0.0021428571428571555,2.0,0.0,-0.03373626373626379,0.08791208791208792,14,2,0.6842759,1
PNC,2023-12-31,3.16,2.99,macro_rate_sensitive,0.16999999999999993,0.16999999999999993,2023,12,4,1,5.685618729096987,sideways,0.11235416923349151,0.9194198381476946,15.325714308118064,-0.6224790848832942,-0.008725274725274706,0.0022527472527472583,3.0,-0.009999999999999787,0.04254945054945053,0.024175824175824177,14,3,0.62192285,1
C,2023-12-31,0.84,0.73,macro_rate_sensitive,0.10999999999999999,0.10999999999999999,2023,12,4,1,15.068493150684931,sideways,0.11235416923349151,0.9194198381476946,15.325714308118064,-0.6224790848832942,-0.01131868131868134,-0.0021328671328671293,4.0,-0.1399999999999999,0.06450549450549452,-0.038461538461538464,13,3,0.716207,1
USB,2023-12-31,0.99,0.99,macro_rate_sensitive,0.0,0.0,2023,12,4,0,0.0,sideways,0.11235416923349151,0.9194198381476946,15.325714308118064,-0.6224790848832942,-0.0006043956043956061,0.00031468531468531496,0.0,0.0,-0.0016483516483516499,0.03296703296703297,13,3,0.608655,1
LRCX,2023-12-31,7.52,7.06,tech_cycle,0.45999999999999996,0.45999999999999996,2023,12,4,1,6.515580736543909,sideways,0.11235416923349151,0.9194198381476946,15.325714308118064,-0.6224790848832942,0.004505494505494468,-0.0025274725274725225,0.0,0.0,-0.04905494505494505,0.0,14,5,0.83767974,1
COP,2023-12-31,2.4,2.08,commodity_driven,0.31999999999999984,0.31999999999999984,2023,12,4,1,15.384615384615378,sideways,0.11235416923349151,0.9194198381476946,15.325714308118064,-0.6224790848832942,-0.04494505494505491,-0.019440559440559436,1.0,-0.6400000000000001,-0.07423076923076918,-0.005494505494505495,13,0,0.71792096,1
AMT,2023-12-31,2.29,2.18,macro_rate_sensitive,0.10999999999999988,0.10999999999999988,2023,12,4,1,5.045871559633022,sideways,0.11235416923349151,0.9194198381476946,15.325714308118064,-0.6224790848832942,-0.011888544891640863,0.000661764705882353,0.0,0.0,0.00406604747162023,0.0,18,3,0.53324646,1
VLO,2023-12-31,3.55,2.95,commodity_driven,0.5999999999999996,0.5999999999999996,2023,12,4,1,20.338983050847446,sideways,0.11235416923349151,0.9194198381476946,15.325714308118064,-0.6224790848832942,-0.07807692307692313,0.02013986013986014,0.0,-0.5100000000000002,-0.15181318681318684,0.0,13,0,0.20954311,0
PSX,2023-12-31,3.09,2.37,commodity_driven,0.7199999999999998,0.7199999999999998,2023,12,4,1,30.37974683544303,sideways,0.11235416923349151,0.9194198381476946,15.325714308118064,-0.6224790848832942,-0.04518681318681325,0.006923076923076924,2.0,-0.3700000000000001,-0.09501098901098899,0.004395604395604396,14,0,0.47573292,0
GILD,2023-12-31,1.72,1.76,regulatory_idiosyncratic,-0.040000000000000036,-0.040000000000000036,2023,12,4,0,-2.2727272727272747,sideways,0.11235416923349151,0.9194198381476946,15.325714308118064,-0.6224790848832942,-0.0047252747252747125,0.0013286713286713298,0.0,-0.030000000000000027,0.005109890109890101,0.03296703296703297,13,4,0.6535973,1
NEE,2023-12-31,0.52,0.49,defensive_baseline,0.030000000000000027,0.030000000000000027,2023,12,4,1,6.122448979591842,sideways,0.11235416923349151,0.9194198381476946,15.325714308118064,-0.6224790848832942,-0.005824175824175844,6.993006993007e-05,0.0,-0.040000000000000036,0.001153846153846164,0.0,13,1,0.4145798,0
OXY,2023-12-31,0.74,0.74,commodity_driven,0.0,0.0,2023,12,4,0,0.0,sideways,0.11235416923349151,0.9194198381476946,15.325714308118064,-0.6224790848832942,-0.0465934065934066,-0.0038461538461538455,0.0,-0.44999999999999996,-0.0037912087912087885,0.0,13,0,0.48508614,0
CVX,2023-12-31,3.45,3.29,commodity_driven,0.16000000000000014,0.16000000000000014,2023,12,4,1,4.8632218844984845,sideways,0.11235416923349151,0.9194198381476946,15.325714308118064,-0.6224790848832942,-0.03714285714285712,-0.0022527472527472583,2.0,-0.3599999999999999,-0.03839560439560441,0.12967032967032968,14,0,0.74384385,1
KLAC,2023-12-31,6.16,5.88,tech_cycle,0.28000000000000025,0.28000000000000025,2023,12,4,1,4.761904761904766,sideways,0.11235416923349151,0.9194198381476946,15.325714308118064,-0.6224790848832942,0.006758241758241741,-0.0034615384615384655,1.0,-0.009999999999999787,-0.06181318681318682,0.0,13,5,0.8438461,1
SO,2023-12-31,0.64,0.59,defensive_baseline,0.050000000000000044,0.050000000000000044,2023,12,4,1,8.474576271186448,sideways,0.11235416923349151,0.9194198381476946,15.325714308118064,-0.6224790848832942,-0.008109890109890116,0.0008241758241758219,0.0,-0.030000000000000027,-0.0030769230769230717,-0.015384615384615385,14,1,0.35110253,0
KMB,2023-12-31,1.51,1.53,defensive_baseline,-0.020000000000000018,-0.020000000000000018,2023,12,4,0,-1.3071895424836613,sideways,0.11235416923349151,0.9194198381476946,15.325714308118064,-0.6224790848832942,5.494505494505377e-05,-0.00013986013986014,3.0,0.0,0.0008241758241758249,0.0989010989010989,13,1,0.47829166,0
NEM,2023-12-31,0.5,0.51,commodity_driven,-0.010000000000000009,-0.010000000000000009,2023,12,4,0,-1.960784313725492,sideways,0.11235416923349151,0.9194198381476946,15.325714308118064,-0.6224790848832942,-0.010490196078431366,0.0029705882352941185,2.0,-0.07999999999999996,0.010784313725490198,0.056372549019607844,17,0,0.21629542,0
LIN,2023-12-31,3.59,3.5,commodity_driven,0.08999999999999986,0.08999999999999986,2023,12,4,1,2.571428571428567,sideways,0.11235416923349151,0.9194198381476946,15.325714308118064,-0.6224790848832942,0.0013928571428571195,-0.0014725274725274665,1.0,0.0,-0.0025000000000000022,0.0,15,0,0.45374113,0
CVS,2023-12-31,2.12,2.01,regulatory_idiosyncratic,0.11000000000000032,0.11000000000000032,2023,12,4,1,5.472636815920414,sideways,0.11235416923349151,0.9194198381476946,15.325714308118064,-0.6224790848832942,-0.0012087912087912181,0.0017032967032967047,1.0,0.020000000000000018,-0.012153846153846168,-0.11208791208791209,14,4,0.7151277,1
AEP,2023-12-31,1.23,1.27,defensive_baseline,-0.040000000000000036,-0.040000000000000036,2023,12,4,0,-3.1496062992126013,sideways,0.11235416923349151,0.9194198381476946,15.325714308118064,-0.6224790848832942,-0.0015441176470588193,0.0003928571428571432,1.0,0.0,-0.0030441176470588265,0.0,16,1,0.31011608,0
WFC,2023-12-31,1.29,1.16,macro_rate_sensitive,0.13000000000000012,0.13000000000000012,2023,12,4,1,11.20689655172415,sideways,0.11235416923349151,0.9194198381476946,15.325714308118064,-0.6224790848832942,-0.0012637362637362563,-0.006713286713286719,3.0,-0.09000000000000008,0.013186813186813171,0.03296703296703297,13,3,0.42341074,0
QCOM,2023-12-31,2.75,2.38,tech_cycle,0.3700000000000001,0.3700000000000001,2023,12,4,1,15.546218487394963,sideways,0.11235416923349151,0.9194198381476946,15.325714308118064,-0.6224790848832942,0.0064835164835164525,-0.0012237762237762256,0.0,0.040000000000000036,-0.008736263736263721,0.03296703296703297,13,5,0.97000194,1
KO,2023-12-31,0.49,0.48,defensive_baseline,0.010000000000000009,0.010000000000000009,2023,12,4,1,2.0833333333333353,sideways,0.11235416923349151,0.9194198381476946,15.325714308118064,-0.6224790848832942,0.0,0.0,0.0,0.0,0.0009852941176470597,0.057352941176470586,16,1,0.46609852,0
MS,2023-12-31,1.13,1.05,macro_rate_sensitive,0.07999999999999985,0.07999999999999985,2023,12,4,1,7.619047619047604,sideways,0.11235416923349151,0.9194198381476946,15.325714308118064,-0.6224790848832942,-0.01159340659340659,-0.003916083916083911,0.0,-0.15999999999999992,0.015054945054945042,-0.03296703296703297,13,3,0.5563622,1
AMGN,2023-12-31,4.71,4.66,regulatory_idiosyncratic,0.04999999999999982,0.04999999999999982,2023,12,4,1,1.072961373390554,sideways,0.11235416923349151,0.9194198381476946,15.325714308118064,-0.6224790848832942,-0.0023076923076923014,0.0021428571428571412,2.0,-0.009999999999999787,-0.007714285714285726,-0.07692307692307693,14,4,0.66789836,1
AMD,2023-12-31,0.77,0.77,tech_cycle,0.0,0.0,2023,12,4,0,0.0,sideways,0.11235416923349151,0.9194198381476946,15.325714308118064,-0.6224790848832942,-1.4640303621430636e-17,0.0,0.0,0.0,-3.0500632544647157e-18,0.06043956043956044,13,5,0.7047565,1
PFE,2023-12-31,0.1,-0.19,regulatory_idiosyncratic,0.29000000000000004,0.29000000000000004,2023,12,4,1,152.63157894736844,sideways,0.11235416923349151,0.9194198381476946,15.325714308118064,-0.6224790848832942,-0.006118881118881121,0.0008181818181818182,0.0,-0.03,-0.004545454545454545,0.1258741258741259,12,4,0.88281614,1
BAC,2023-12-31,0.7,0.69,macro_rate_sensitive,0.010000000000000009,0.010000000000000009,2023,12,4,1,1.449275362318842,sideways,0.11235416923349151,0.9194198381476946,15.325714308118064,-0.6224790848832942,-0.007027972027972033,-9.090909090908695e-05,2.0,-0.04999999999999993,0.01391608391608392,0.11188811188811189,12,3,0.73408973,1
INTC,2023-12-31,0.54,0.44,tech_cycle,0.10000000000000003,0.10000000000000003,2023,12,4,1,22.727272727272734,sideways,0.11235416923349151,0.9194198381476946,15.325714308118064,-0.6224790848832942,0.00489010989010989,-0.0038111888111888098,0.0,0.010000000000000009,-0.01813186813186813,0.005494505494505495,13,5,0.9662535,1
BMY,2023-12-31,1.7,1.52,regulatory_idiosyncratic,0.17999999999999994,0.17999999999999994,2023,12,4,1,11.84210526315789,sideways,0.11235416923349151,0.9194198381476946,15.325714308118064,-0.6224790848832942,-0.008659340659340639,-0.0038461538461538425,0.0,-0.15999999999999992,0.024109890109890106,-0.008791208791208791,14,4,0.5297378,1
SLB,2023-12-31,0.86,0.84,commodity_driven,0.020000000000000018,0.020000000000000018,2023,12,4,1,2.380952380952383,sideways,0.11235416923349151,0.9194198381476946,15.325714308118064,-0.6224790848832942,-0.000659340659340655,0.0007692307692307699,0.0,0.0,-0.0023076923076923096,0.06593406593406594,13,0,0.47197464,0
MO,2023-12-31,1.18,1.17,defensive_baseline,0.010000000000000009,0.010000000000000009,2023,12,4,1,0.8547008547008554,sideways,0.11235416923349151,0.9194198381476946,15.325714308118064,-0.6224790848832942,-0.0002857142857142913,0.00032967032967032994,0.0,0.0,0.000307692307692308,0.0,14,1,0.17551823,0
MPC,2023-12-31,3.98,2.36,commodity_driven,1.62,1.4349999999999985,2023,12,4,1,68.64406779661017,sideways,0.11235416923349151,0.9194198381476946,15.325714308118064,-0.6224790848832942,-0.0817582417582418,0.022342657342657342,2.0,-0.4900000000000002,-0.13741758241758245,0.0,13,0,0.23392947,0
MMM,2023-12-31,2.42,2.31,economically_cyclical,0.10999999999999988,0.10999999999999988,2023,12,4,1,4.761904761904756,sideways,0.11235416923349151,0.9194198381476946,15.325714308118064,-0.6224790848832942,-0.0006043956043955427,-0.00031468531468530796,0.0,-0.009999999999999787,-0.0036263736263736296,0.0,13,2,0.5214397,1
DUK,2023-12-31,1.51,1.54,defensive_baseline,-0.030000000000000027,-0.030000000000000027,2023,12,4,0,-1.9480519480519498,sideways,0.11235416923349151,0.9194198381476946,15.325714308118064,-0.6224790848832942,-0.0027472527472526985,-0.0006643356643356649,3.0,-0.020000000000000018,-0.0026373626373626395,0.11538461538461539,13,1,0.79972965,1
TSM,2023-12-31,1.44,1.37,tech_cycle,0.06999999999999984,0.06999999999999984,2023,12,4,1,5.1094890510948785,sideways,0.11235416923349151,0.9194198381476946,15.325714308118064,-0.6224790848832942,-2.928060724286127e-17,0.0,0.0,0.0,0.0,0.0,13,5,0.8287401,1
MCD,2023-12-31,2.95,2.81,economically_cyclical,0.14000000000000012,0.14000000000000012,2023,12,4,1,4.982206405693955,sideways,0.11235416923349151,0.9194198381476946,15.325714308118064,-0.6224790848832942,0.0012087912087911713,-0.0004395604395604375,1.0,0.0,-0.011076923076923064,-0.07252747252747253,14,2,0.3414149,0
ASML,2023-12-31,5.6,5.12,tech_cycle,0.47999999999999954,0.47999999999999954,2023,12,4,1,9.374999999999991,sideways,0.11235416923349151,0.9194198381476946,15.325714308118064,-0.6224790848832942,-0.005208791208791156,0.011648351648351653,3.0,0.0600000000000005,-0.007450549450549477,0.02857142857142857,14,5,0.8439764,1
UNH,2023-12-31,6.16,5.98,regulatory_idiosyncratic,0.17999999999999972,0.17999999999999972,2023,12,4,1,3.0100334448160484,sideways,0.11235416923349151,0.9194198381476946,15.325714308118064,-0.6224790848832942,-0.007582417582417596,0.0043356643356643396,0.0,-0.019999999999999574,-0.011758241758241762,0.09340659340659341,13,4,0.90469265,1
LLY,2023-12-31,2.49,2.47,regulatory_idiosyncratic,0.020000000000000018,0.020000000000000018,2023,12,4,1,0.8097165991902842,sideways,0.11235416923349151,0.9194198381476946,15.325714308118064,-0.6224790848832942,-0.01703296703296703,-0.009510489510489516,2.0,-0.33000000000000007,0.00450549450549449,-0.14285714285714285,13,4,0.5543163,1
EOG,2023-12-31,3.07,3.14,commodity_driven,-0.07000000000000028,-0.07000000000000028,2023,12,4,0,-2.2292993630573337,sideways,0.11235416923349151,0.9194198381476946,15.325714308118064,-0.6224790848832942,-0.03482142857142853,-0.004461538461538463,1.0,-0.33000000000000007,-0.012642857142857138,-0.08928571428571429,15,0,0.4347531,0
SCHW,2023-12-31,0.68,0.65,macro_rate_sensitive,0.030000000000000027,0.030000000000000027,2023,12,4,1,4.615384615384619,sideways,0.11235416923349151,0.9194198381476946,15.325714308118064,-0.6224790848832942,-0.0048901098901098835,-0.000349650349650348,0.0,-0.04999999999999993,-0.0021428571428571473,0.03296703296703297,13,3,0.7132495,1
TMO,2023-12-31,5.67,5.64,regulatory_idiosyncratic,0.03000000000000025,0.03000000000000025,2023,12,4,1,0.5319148936170257,sideways,0.11235416923349151,0.9194198381476946,15.325714308118064,-0.6224790848832942,-0.005692307692307762,0.004230769230769248,0.0,0.0,-0.03534065934065934,0.0,14,4,0.8432312,1
AMZN,2023-12-31,1.01,0.81,economically_cyclical,0.19999999999999996,0.19999999999999996,2023,12,4,1,24.69135802469135,sideways,0.11235416923349151,0.9194198381476946,15.325714308118064,-0.6224790848832942,0.004769230769230773,-0.001263736263736265,0.0,0.030000000000000027,0.010241758241758235,0.1054945054945055,14,2,0.7625446,1
SBUX,2023-12-31,0.9,0.92,economically_cyclical,-0.020000000000000018,-0.020000000000000018,2023,12,4,0,-2.1739130434782625,sideways,0.11235416923349151,0.9194198381476946,15.325714308118064,-0.6224790848832942,-0.0013286713286713315,-0.0007272727272727229,0.0,-0.019999999999999907,-0.001293706293706294,-0.0944055944055944,12,2,0.8479426,1
TXN,2023-12-31,1.49,1.46,tech_cycle,0.030000000000000027,0.030000000000000027,2023,12,4,1,2.054794520547947,sideways,0.11235416923349151,0.9194198381476946,15.325714308118064,-0.6224790848832942,-0.0047802197802197756,0.00342657342657343,0.0,0.0,-0.026043956043956037,0.0,13,5,0.8286905,1
JNJ,2023-12-31,2.29,2.27,regulatory_idiosyncratic,0.020000000000000018,0.020000000000000018,2023,12,4,1,0.8810572687224677,sideways,0.11235416923349151,0.9194198381476946,15.325714308118064,-0.6224790848832942,-0.01907692307692313,-0.001263736263736266,0.0,-0.20000000000000018,0.00268131868131867,-0.1054945054945055,14,4,0.68341047,1
MRK,2023-12-31,0.03,-0.09,regulatory_idiosyncratic,0.12,0.12,2023,12,4,1,133.33333333333331,sideways,0.11235416923349151,0.9194198381476946,15.325714308118064,-0.6224790848832942,-0.07643956043956045,0.04153846153846154,1.0,-0.24,-0.18417582417582418,0.04835164835164835,14,4,0.7510809,1
PSA,2023-12-31,4.2,4.15,macro_rate_sensitive,0.04999999999999982,0.04999999999999982,2023,12,4,1,1.2048192771084292,sideways,0.11235416923349151,0.9194198381476946,15.325714308118064,-0.6224790848832942,-0.001573529411764654,0.00017857142857142478,2.0,-0.009999999999999787,0.00261764705882351,0.11470588235294117,16,3,0.4794218,0
GS,2023-12-31,5.48,3.47,macro_rate_sensitive,2.0100000000000002,2.0100000000000002,2023,12,4,1,57.92507204610951,sideways,0.11235416923349151,0.9194198381476946,15.325714308118064,-0.6224790848832942,-0.09719780219780222,-0.05916083916083914,0.0,-1.8399999999999994,-0.029999999999999926,-0.06593406593406594,13,3,0.78100497,1
BA,2023-12-31,-0.47,-0.72,economically_cyclical,0.25,0.25,2023,12,4,1,34.72222222222222,sideways,0.11235416923349151,0.9194198381476946,15.325714308118064,-0.6224790848832942,-0.01597802197802198,0.022857142857142857,4.0,0.030000000000000027,-0.026131868131868158,0.3142857142857143,14,2,0.91299826,1
GE,2023-12-31,1.03,0.9,economically_cyclical,0.13,0.13,2023,12,4,1,14.444444444444446,sideways,0.11235416923349151,0.9194198381476946,15.325714308118064,-0.6224790848832942,0.0009890109890109923,-0.00038461538461538494,0.0,0.010000000000000009,-0.003461538461538466,0.0,13,2,0.47895792,0
JPM,2023-12-31,3.97,3.73,macro_rate_sensitive,0.2400000000000002,0.2400000000000002,2023,12,4,1,6.4343163538874055,sideways,0.11235416923349151,0.9194198381476946,15.325714308118064,-0.6224790848832942,-0.00010989010989014659,-0.00954545454545455,4.0,-0.16999999999999993,0.050604395604395495,0.23076923076923078,13,3,0.47580782,0
HON,2023-12-31,2.6,2.6,economically_cyclical,0.0,0.0,2023,12,4,0,0.0,sideways,0.11235416923349151,0.9194198381476946,15.325714308118064,-0.6224790848832942,-0.0002857142857142913,0.0009890109890109973,1.0,0.010000000000000231,-0.0021098901098901097,0.004395604395604396,14,2,0.52100796,1
CL,2023-12-31,0.87,0.85,defensive_baseline,0.020000000000000018,0.020000000000000018,2023,12,4,1,2.35294117647059,sideways,0.11235416923349151,0.9194198381476946,15.325714308118064,-0.6224790848832942,0.0,0.0,0.0,0.0,0.0007692307692307699,0.11538461538461539,13,1,0.7130188,1
ABBV,2023-12-31,2.79,2.76,regulatory_idiosyncratic,0.03000000000000025,0.03000000000000025,2023,12,4,1,1.0869565217391397,sideways,0.11235416923349151,0.9194198381476946,15.325714308118064,-0.6224790848832942,-0.001912087912087969,-0.008241758241758252,1.0,-0.16000000000000014,-0.003956043956043952,-0.017582417582417582,14,4,0.69675165,1
PLD,2023-12-31,1.26,1.26,macro_rate_sensitive,0.0,0.0,2023,12,4,0,0.0,sideways,0.11235416923349151,0.9194198381476946,15.325714308118064,-0.6224790848832942,-0.0009890109890109825,0.0011538461538461548,0.0,0.0,0.0011538461538461548,0.03296703296703297,13,3,0.41801006,0
PEP,2023-12-31,1.78,1.72,defensive_baseline,0.06000000000000005,0.06000000000000005,2023,12,4,1,3.4883720930232593,sideways,0.11235416923349151,0.9194198381476946,15.325714308118064,-0.6224790848832942,0.0003970588235294059,0.00010714285714285723,1.0,0.0,0.001617647058823531,0.08088235294117647,16,1,0.32347935,0
XOM,2023-12-31,2.48,2.21,commodity_driven,0.27,0.27,2023,12,4,1,12.217194570135748,sideways,0.11235416923349151,0.9194198381476946,15.325714308118064,-0.6224790848832942,-0.004967032967032986,0.004615384615384612,6.0,0.06999999999999984,-0.010417582417582453,0.02857142857142857,14,0,0.75364685,1
ABT,2023-12-31,1.19,1.19,regulatory_idiosyncratic,0.0,0.0,2023,12,4,0,0.0,sideways,0.11235416923349151,0.9194198381476946,15.325714308118064,-0.6224790848832942,7.808161931429672e-18,0.0,0.0,0.0,0.0005714285714285719,0.0,14,4,0.7460047,1
PG,2023-12-31,1.84,1.7,defensive_baseline,0.14000000000000012,0.14000000000000012,2023,12,4,1,8.235294117647067,sideways,0.11235416923349151,0.9194198381476946,15.325714308118064,-0.6224790848832942,-0.0002857142857143382,-0.00032967032967032994,0.0,-0.010000000000000009,0.00028571428571428595,0.08791208791208792,14,1,0.2775399,0
APD,2023-12-31,2.82,2.99,commodity_driven,-0.17000000000000037,-0.17000000000000037,2023,12,4,0,-5.685618729097002,sideways,0.11235416923349151,0.9194198381476946,15.325714308118064,-0.6224790848832942,5.856121448572254e-17,0.0,0.0,0.0,0.0,0.0,13,0,0.52846754,1
LOW,2024-01-31,1.77,1.68,economically_cyclical,0.09000000000000008,0.09000000000000008,2024,1,1,1,5.357142857142862,bull,0.11235416923349151,0.9194198381476946,15.325714308118064,-0.6224790848832942,-0.004021978021978003,0.0016483516483516499,0.0,-0.020000000000000018,-0.01898901098901097,0.05054945054945055,14,2,0.42111504,0
WMT,2024-01-31,1.8,1.65,defensive_baseline,0.15000000000000013,0.15000000000000013,2024,1,1,1,9.090909090909099,bull,0.11235416923349151,0.9194198381476946,15.325714308118064,-0.6224790848832942,-2.3424485794289017e-17,0.0013186813186813198,1.0,0.020000000000000018,0.0005714285714285729,0.0,14,1,0.35596195,0
HD,2024-01-31,2.82,2.77,economically_cyclical,0.04999999999999982,0.04999999999999982,2024,1,1,1,1.8050541516245424,bull,0.11235416923349151,0.9194198381476946,15.325714308118064,-0.6224790848832942,-0.00026373626373628936,0.0009340659340659312,3.0,0.020000000000000018,0.000923076923076921,-0.024175824175824177,14,2,0.4347659,0
NVDA,2024-01-31,5.16,4.55,tech_cycle,0.6100000000000003,0.6100000000000003,2024,1,1,1,13.406593406593414,bull,0.11235416923349151,0.9194198381476946,15.325714308118064,-0.6224790848832942,0.027032967032967044,-0.023076923076923102,0.0,0.05999999999999961,-0.03664835164835161,0.14835164835164835,13,5,0.9711591,1
AMAT,2024-01-31,2.13,1.9,tech_cycle,0.22999999999999998,0.22999999999999998,2024,1,1,1,12.105263157894736,bull,0.11235416923349151,0.9194198381476946,15.325714308118064,-0.6224790848832942,0.0015384615384615447,-0.000244755244755238,0.0,0.010000000000000009,-0.013406593406593418,-0.08241758241758242,13,5,0.6804756,1
AVGO,2024-01-31,1.1,1.03,tech_cycle,0.07000000000000006,0.07000000000000006,2024,1,1,1,6.796116504854374,bull,0.11235416923349151,0.9194198381476946,15.325714308118064,-0.6224790848832942,-0.027307692307692224,0.004195804195804224,6.0,-0.33999999999999986,0.08692307692307695,-0.15384615384615385,13,5,0.74562967,1
DE,2024-01-31,6.23,5.19,economically_cyclical,1.04,1.04,2024,1,1,1,20.03853564547206,bull,0.11235416923349151,0.9194198381476946,15.325714308118064,-0.6224790848832942,-0.03307692307692305,0.021090909090909094,0.0,-0.08999999999999986,-0.056678321678321666,0.3146853146853147,12,2,0.44830212,0
MU,2024-02-29,0.42,-0.27,tech_cycle,0.69,0.69,2024,2,1,1,255.55555555555554,sideways,0.10158014260367798,0.7900401466252887,13.703770512440165,-0.9103267078301823,0.01054945054945055,-0.011538461538461534,0.0,0.010000000000000009,-0.02142857142857143,-0.14285714285714285,13,5,0.95971274,1
NKE,2024-02-29,0.98,0.69,economically_cyclical,0.29000000000000004,0.29000000000000004,2024,2,1,1,42.02898550724639,sideways,0.10158014260367798,0.7900401466252887,13.703770512440165,-0.9103267078301823,-0.009725274725274728,0.008706293706293704,2.0,-0.020000000000000018,4.8801012071435456e-18,-0.04395604395604396,13,2,0.41892877,0
COST,2024-02-29,3.78,3.7,defensive_baseline,0.07999999999999963,0.07999999999999963,2024,2,1,1,2.162162162162152,sideways,0.10158014260367798,0.7900401466252887,13.703770512440165,-0.9103267078301823,0.0031468531468531666,0.002181818181818176,1.0,0.040000000000000036,-0.004930069930069899,0.006993006993006993,12,1,0.41044372,0
XOM,2024-03-31,2.06,2.19,commodity_driven,-0.1299999999999999,-0.1299999999999999,2024,3,1,0,-5.9360730593607265,bull,0.10158014260367798,0.7900401466252887,13.703770512440165,-0.9103267078301823,-0.01545454545454546,0.005636363636363633,3.0,-0.06000000000000005,-0.03783216783216783,0.038461538461538464,12,0,0.65360475,1
EOG,2024-03-31,2.82,2.7,commodity_driven,0.11999999999999966,0.11999999999999966,2024,3,1,1,4.444444444444431,bull,0.10158014260367798,0.7900401466252887,13.703770512440165,-0.9103267078301823,-0.01672727272727267,0.022666666666666644,1.0,-0.06999999999999984,-0.07315151515151513,-0.18787878787878787,10,0,0.37754914,0
CAT,2024-03-31,5.6,5.12,economically_cyclical,0.47999999999999954,0.47999999999999954,2024,3,1,1,9.374999999999991,bull,0.10158014260367798,0.7900401466252887,13.703770512440165,-0.9103267078301823,0.006818181818181818,0.0009696969696969382,0.0,0.05999999999999961,0.0,0.06363636363636363,11,2,0.77901095,1
KO,2024-03-31,0.72,0.69,defensive_baseline,0.030000000000000027,0.030000000000000027,2024,3,1,1,4.347826086956526,bull,0.10158014260367798,0.7900401466252887,13.703770512440165,-0.9103267078301823,-0.0010909090909090797,-0.0003030303030303033,0.0,-0.010000000000000009,-0.0032727272727272757,0.0,11,1,0.7199929,1
AEP,2024-03-31,1.27,1.3,defensive_baseline,-0.030000000000000027,-0.030000000000000027,2024,3,1,0,-2.3076923076923097,bull,0.10158014260367798,0.7900401466252887,13.703770512440165,-0.9103267078301823,-0.0025000000000000356,-0.0019047619047619065,2.0,-0.020000000000000018,0.005500000000000005,0.0,9,1,0.49997354,0
VLO,2024-03-31,3.82,3.18,commodity_driven,0.6399999999999997,0.6399999999999997,2024,3,1,1,20.125786163522,bull,0.10158014260367798,0.7900401466252887,13.703770512440165,-0.9103267078301823,0.01906593406593411,0.017552447552447562,3.0,0.3900000000000001,-0.11357142857142856,-0.005494505494505495,13,0,0.4374269,0
CVS,2024-03-31,1.31,1.69,regulatory_idiosyncratic,-0.3799999999999999,-0.3778999999999999,2024,3,1,0,-22.485207100591712,bull,0.10158014260367798,0.7900401466252887,13.703770512440165,-0.9103267078301823,-0.01583916083916083,0.005727272727272722,0.0,-0.09000000000000008,-0.046328671328671314,0.13286713286713286,12,4,0.6723365,1
PSX,2024-03-31,1.9,2.05,commodity_driven,-0.1499999999999999,-0.1499999999999999,2024,3,1,0,-7.317073170731704,bull,0.10158014260367798,0.7900401466252887,13.703770512440165,-0.9103267078301823,-0.0399090909090909,-0.014484848484848482,2.0,-0.41999999999999993,0.015363636363636328,-0.08181818181818182,11,0,0.549387,1
PLD,2024-03-31,1.28,1.28,macro_rate_sensitive,0.0,0.0,2024,3,1,0,0.0,bull,0.10158014260367798,0.7900401466252887,13.703770512440165,-0.9103267078301823,-0.0027622377622377654,0.0004545454545454549,0.0,-0.010000000000000009,-0.0032517482517482547,-0.15734265734265734,12,3,0.7608833,1
KLAC,2024-03-31,5.26,4.94,tech_cycle,0.3199999999999994,0.3199999999999994,2024,3,1,1,6.477732793522255,bull,0.10158014260367798,0.7900401466252887,13.703770512440165,-0.9103267078301823,-0.04604395604395606,0.009475524475524513,0.0,-0.3199999999999994,-0.025274725274725303,-0.11538461538461539,13,5,0.304493,0
COP,2024-03-31,2.03,1.99,commodity_driven,0.039999999999999813,0.039999999999999813,2024,3,1,1,2.010050251256272,bull,0.10158014260367798,0.7900401466252887,13.703770512440165,-0.9103267078301823,-0.011993006993007042,0.009181818181818183,2.0,-0.040000000000000036,0.0003146853146852645,-0.03146853146853147,12,0,0.35606712,0
ABBV,2024-03-31,2.31,2.26,regulatory_idiosyncratic,0.050000000000000266,0.050000000000000266,2024,3,1,1,2.2123893805309858,bull,0.10158014260367798,0.7900401466252887,13.703770512440165,-0.9103267078301823,-0.009685314685314684,0.001545454545454553,0.0,-0.08000000000000007,-0.0066083916083916165,-0.03146853146853147,12,4,0.72822887,1
DUK,2024-03-31,1.44,1.39,defensive_baseline,0.050000000000000044,0.050000000000000044,2024,3,1,1,3.5971223021582768,bull,0.10158014260367798,0.7900401466252887,13.703770512440165,-0.9103267078301823,0.001483516483516491,0.004860139860139863,2.0,0.020000000000000018,-0.03664835164835167,0.06593406593406594,13,1,0.564051,1
UNH,2024-03-31,6.91,6.63,regulatory_idiosyncratic,0.28000000000000025,0.28000000000000025,2024,3,1,1,4.223227752639521,bull,0.10158014260367798,0.7900401466252887,13.703770512440165,-0.9103267078301823,0.010439560439560408,0.0018131868131868283,4.0,0.08000000000000007,-0.1647692307692308,-0.006593406593406593,14,4,0.38847348,0
JPM,2024-03-31,4.63,4.18,macro_rate_sensitive,0.4500000000000002,0.4500000000000002,2024,3,1,1,10.765550239234454,bull,0.10158014260367798,0.7900401466252887,13.703770512440165,-0.9103267078301823,0.0026923076923076835,-0.0056993006993006955,3.0,-0.04999999999999982,-0.01862637362637362,-0.18681318681318682,13,3,0.5366302,1
PSA,2024-03-31,4.03,4.07,macro_rate_sensitive,-0.040000000000000036,-0.040000000000000036,2024,3,1,0,-0.9828009828009836,bull,0.10158014260367798,0.7900401466252887,13.703770512440165,-0.9103267078301823,-0.0016666666666666904,0.0010714285714285908,3.0,-0.009999999999999787,-0.009000000000000024,-0.4,9,3,0.27146274,0
MCD,2024-03-31,2.7,2.71,economically_cyclical,-0.009999999999999787,-0.009999999999999787,2024,3,1,0,-0.3690036900368925,bull,0.10158014260367798,0.7900401466252887,13.703770512440165,-0.9103267078301823,-0.001958041958042003,-0.00036363636363635586,0.0,-0.020000000000000018,0.0,-0.11188811188811189,12,2,0.5274128,1
MRK,2024-03-31,2.07,1.94,regulatory_idiosyncratic,0.1299999999999999,0.1299999999999999,2024,3,1,1,6.7010309278350455,bull,0.10158014260367798,0.7900401466252887,13.703770512440165,-0.9103267078301823,-0.004370629370629371,-0.00590909090909092,1.0,-0.1200000000000001,-0.0020629370629370904,0.16083916083916083,12,4,0.81992686,1
JNJ,2024-03-31,2.71,2.64,regulatory_idiosyncratic,0.06999999999999984,0.06999999999999984,2024,3,1,1,2.651515151515145,bull,0.10158014260367798,0.7900401466252887,13.703770512440165,-0.9103267078301823,0.000629370629370678,-0.000181818181818186,2.0,0.0,0.0007692307692307699,0.0944055944055944,12,4,0.35145664,0
BAC,2024-03-31,0.83,0.77,macro_rate_sensitive,0.05999999999999994,0.05999999999999994,2024,3,1,1,7.792207792207785,bull,0.10158014260367798,0.7900401466252887,13.703770512440165,-0.9103267078301823,-0.001406593406593404,0.00016483516483516497,2.0,0.0,-0.008197802197802197,-0.14285714285714285,14,3,0.55587286,1
TXN,2024-03-31,1.2,1.06,tech_cycle,0.1399999999999999,0.1399999999999999,2024,3,1,1,13.20754716981131,bull,0.10158014260367798,0.7900401466252887,13.703770512440165,-0.9103267078301823,-0.006098901098901081,0.003006993006993001,0.0,0.0,-0.027912087912087883,-0.0989010989010989,13,5,0.76543367,1
CL,2024-03-31,0.86,0.82,defensive_baseline,0.040000000000000036,0.040000000000000036,2024,3,1,1,4.878048780487809,bull,0.10158014260367798,0.7900401466252887,13.703770512440165,-0.9103267078301823,0.00027472527472526887,6.993006993006921e-05,1.0,0.0,-0.002197802197802196,0.03296703296703297,13,1,0.65132666,1
NEM,2024-03-31,0.55,0.35,commodity_driven,0.20000000000000007,0.20000000000000007,2024,3,1,1,57.14285714285716,bull,0.10158014260367798,0.7900401466252887,13.703770512440165,-0.9103267078301823,-0.015500000000000003,0.00309523809523809,1.0,-0.12,0.011833333333333331,0.11666666666666667,9,0,0.4408003,0
ABT,2024-03-31,0.98,0.96,regulatory_idiosyncratic,0.020000000000000018,0.020000000000000018,2024,3,1,1,2.0833333333333353,bull,0.10158014260367798,0.7900401466252887,13.703770512440165,-0.9103267078301823,-0.0012237762237762287,9.090909090909098e-05,0.0,-0.010000000000000009,-0.01010489510489511,-0.12237762237762238,12,4,0.6454673,1
PNC,2024-03-31,3.36,3.09,macro_rate_sensitive,0.27,0.27,2024,3,1,1,8.737864077669903,bull,0.10158014260367798,0.7900401466252887,13.703770512440165,-0.9103267078301823,0.0013736263736264323,0.0011188811188811167,2.0,0.020000000000000018,0.008516483516483488,-0.08241758241758242,13,3,0.28303987,0
MPC,2024-03-31,2.78,2.53,commodity_driven,0.25,0.25,2024,3,1,1,9.881422924901187,bull,0.10158014260367798,0.7900401466252887,13.703770512440165,-0.9103267078301823,0.06049450549450548,0.015244755244755234,5.0,0.6799999999999997,-0.08516483516483518,-0.2967032967032967,13,0,0.52393967,1
KMB,2024-03-31,2.01,1.61,defensive_baseline,0.3999999999999997,0.38000000000000034,2024,3,1,1,24.84472049689439,bull,0.10158014260367798,0.7900401466252887,13.703770512440165,-0.9103267078301823,-0.002692307692307703,0.003496503496503491,1.0,0.020000000000000018,-0.015274725274725278,0.0,13,1,0.3444616,0
SCHW,2024-03-31,0.74,0.73,macro_rate_sensitive,0.010000000000000009,0.010000000000000009,2024,3,1,1,1.3698630136986314,bull,0.10158014260367798,0.7900401466252887,13.703770512440165,-0.9103267078301823,-0.0021978021978022,0.001013986013986015,2.0,0.0,-0.007252747252747251,0.09340659340659341,13,3,0.6140099,1
INTC,2024-03-31,0.18,0.13,tech_cycle,0.04999999999999999,0.04999999999999999,2024,3,1,1,38.46153846153845,bull,0.10158014260367798,0.7900401466252887,13.703770512440165,-0.9103267078301823,-0.009120879120879121,0.0073076923076923084,0.0,-0.01999999999999999,-0.02868131868131869,-0.07692307692307693,13,5,0.76488304,1
QCOM,2024-03-31,2.44,2.3,tech_cycle,0.14000000000000012,0.14000000000000012,2024,3,1,1,6.086956521739136,bull,0.10158014260367798,0.7900401466252887,13.703770512440165,-0.9103267078301823,0.0020279720279720343,-0.002181818181818188,1.0,-0.010000000000000231,-0.003006993006992994,0.1258741258741259,12,5,0.8789872,1
MS,2024-03-31,2.02,1.69,macro_rate_sensitive,0.33000000000000007,0.33000000000000007,2024,3,1,1,19.526627218934916,bull,0.10158014260367798,0.7900401466252887,13.703770512440165,-0.9103267078301823,-0.0025274725274725125,-0.0006643356643356649,2.0,-0.030000000000000027,-0.0010439560439560558,0.016483516483516484,13,3,0.78297687,1
BA,2024-03-31,-1.13,-1.43,economically_cyclical,0.30000000000000004,0.30000000000000004,2024,3,1,1,20.979020979020984,bull,0.10158014260367798,0.7900401466252887,13.703770512440165,-0.9103267078301823,-0.13164335664335663,-0.009545454545454541,2.0,-1.0999999999999999,0.014335664335664335,0.006993006993006993,12,2,0.8207091,1
USB,2024-03-31,0.9,0.89,macro_rate_sensitive,0.010000000000000009,0.010000000000000009,2024,3,1,1,1.1235955056179785,bull,0.10158014260367798,0.7900401466252887,13.703770512440165,-0.9103267078301823,-0.0014285714285714275,3.4965034965035e-05,1.0,-0.010000000000000009,0.00032967032967032994,0.0,13,3,0.64360625,1
APD,2024-03-31,2.85,2.72,commodity_driven,0.1299999999999999,0.1299999999999999,2024,3,1,1,4.779411764705878,bull,0.10158014260367798,0.7900401466252887,13.703770512440165,-0.9103267078301823,-0.005839160839160759,0.0022727272727272726,0.0,-0.009999999999999787,-0.020489510489510507,0.06993006993006994,12,0,0.54338217,1
AMGN,2024-03-31,3.96,3.76,regulatory_idiosyncratic,0.20000000000000018,0.20000000000000018,2024,3,1,1,5.319148936170218,bull,0.10158014260367798,0.7900401466252887,13.703770512440165,-0.9103267078301823,-0.010664335664335679,0.0017272727272727307,2.0,-0.07000000000000028,0.0046853146853146664,0.24475524475524477,12,4,0.5587025,1
WFC,2024-03-31,1.26,1.1,macro_rate_sensitive,0.15999999999999992,0.15999999999999992,2024,3,1,1,14.545454545454536,bull,0.10158014260367798,0.7900401466252887,13.703770512440165,-0.9103267078301823,-0.0015384615384615447,6.993006993007e-05,2.0,-0.020000000000000018,-0.0018131868131868148,-0.027472527472527472,13,3,0.6563539,1
LIN,2024-03-31,3.75,3.68,commodity_driven,0.06999999999999984,0.06999999999999984,2024,3,1,1,1.9021739130434738,bull,0.10158014260367798,0.7900401466252887,13.703770512440165,-0.9103267078301823,0.0,0.0,0.0,0.0,-0.00031468531468530796,0.06993006993006994,12,0,0.67439634,1
GE,2024-03-31,0.82,0.67,economically_cyclical,0.1499999999999999,0.1499999999999999,2024,3,1,1,22.388059701492523,bull,0.10158014260367798,0.7900401466252887,13.703770512440165,-0.9103267078301823,0.0023626373626373684,0.0008041958041958057,1.0,0.030000000000000027,0.007197802197802198,-0.08791208791208792,13,2,0.36376515,0
CVX,2024-03-31,2.93,2.84,commodity_driven,0.0900000000000003,0.0900000000000003,2024,3,1,1,3.169014084507053,bull,0.10158014260367798,0.7900401466252887,13.703770512440165,-0.9103267078301823,-0.010839160839160856,-0.0032727272727272635,2.0,-0.18999999999999995,-0.028461538461538493,-0.17132867132867133,12,0,0.5911584,1
TMO,2024-03-31,5.11,4.7,regulatory_idiosyncratic,0.41000000000000014,0.41000000000000014,2024,3,1,1,8.723404255319151,bull,0.10158014260367798,0.7900401466252887,13.703770512440165,-0.9103267078301823,-0.0029370629370628993,0.0016363636363636337,0.0,-0.009999999999999787,-0.015384615384615398,0.0,12,4,0.49216473,0
MMM,2024-03-31,2.39,2.08,economically_cyclical,0.31000000000000005,0.31000000000000005,2024,3,1,1,14.903846153846157,bull,0.10158014260367798,0.7900401466252887,13.703770512440165,-0.9103267078301823,-0.002857142857142851,-0.0003846153846153813,0.0,-0.029999999999999805,-0.0029670329670329486,-0.0989010989010989,14,2,0.44100887,0
PFE,2024-03-31,0.82,0.56,regulatory_idiosyncratic,0.2599999999999999,0.2599999999999999,2024,3,1,1,46.42857142857141,bull,0.10158014260367798,0.7900401466252887,13.703770512440165,-0.9103267078301823,0.0026373626373626374,0.0001048951048951081,4.0,0.030000000000000027,0.031758241758241754,0.10989010989010989,13,4,0.66984296,1
OXY,2024-03-31,0.65,0.56,commodity_driven,0.08999999999999997,0.08999999999999997,2024,3,1,1,16.071428571428566,bull,0.10158014260367798,0.7900401466252887,13.703770512440165,-0.9103267078301823,-0.01562937062937064,0.0035454545454545495,2.0,-0.08999999999999997,-0.06153846153846153,-0.12237762237762238,12,0,0.4560178,0
AMZN,2024-03-31,1.13,0.83,economically_cyclical,0.29999999999999993,0.29999999999999993,2024,3,1,1,36.14457831325301,bull,0.10158014260367798,0.7900401466252887,13.703770512440165,-0.9103267078301823,0.004065934065934062,-0.003776223776223779,1.0,0.0,-0.0117032967032967,-0.03296703296703297,13,2,0.6020466,1
SO,2024-03-31,1.03,0.9,defensive_baseline,0.13,0.13,2024,3,1,1,14.444444444444446,bull,0.10158014260367798,0.7900401466252887,13.703770512440165,-0.9103267078301823,-0.0012727272727272618,0.00018181818181818197,0.0,-0.010000000000000009,0.0,0.0,11,1,0.74637,1
GS,2024-03-31,11.58,8.54,macro_rate_sensitive,3.040000000000001,3.040000000000001,2024,3,1,1,35.59718969555036,bull,0.10158014260367798,0.7900401466252887,13.703770512440165,-0.9103267078301823,-0.0005494505494505963,-0.0034265734265734593,3.0,-0.08000000000000007,-0.03346153846153846,-0.03296703296703297,13,3,0.7799802,1
SLB,2024-03-31,0.75,0.74,commodity_driven,0.010000000000000009,0.010000000000000009,2024,3,1,1,1.3513513513513526,bull,0.10158014260367798,0.7900401466252887,13.703770512440165,-0.9103267078301823,0.0,0.0,0.0,0.0,-0.0009890109890109899,0.12637362637362637,13,0,0.69127315,1
PEP,2024-03-31,1.61,1.52,defensive_baseline,0.09000000000000008,0.09000000000000008,2024,3,1,1,5.921052631578952,bull,0.10158014260367798,0.7900401466252887,13.703770512440165,-0.9103267078301823,-0.00490909090909095,0.005333333333333338,0.0,0.0,-0.0038181818181818113,0.13636363636363635,11,1,0.6044682,1
LRCX,2024-03-31,7.79,7.26,tech_cycle,0.5300000000000002,0.5300000000000002,2024,3,1,1,7.300275482093667,bull,0.10158014260367798,0.7900401466252887,13.703770512440165,-0.9103267078301823,0.010989010989011068,-0.0061888111888111965,0.0,0.009999999999999787,-0.04269230769230767,0.06593406593406594,13,5,0.95187795,1
LLY,2024-03-31,2.58,2.53,regulatory_idiosyncratic,0.050000000000000266,0.050000000000000266,2024,3,1,1,1.976284584980248,bull,0.10158014260367798,0.7900401466252887,13.703770512440165,-0.9103267078301823,-0.001713286713286745,-0.0013636363636363668,4.0,-0.03000000000000025,-0.09524475524475526,0.013986013986013986,12,4,0.7656926,1
AMT,2024-03-31,2.79,2.55,macro_rate_sensitive,0.2400000000000002,0.2400000000000002,2024,3,1,1,9.411764705882362,bull,0.10158014260367798,0.7900401466252887,13.703770512440165,-0.9103267078301823,0.006333333333333346,-0.002380952380952404,1.0,0.040000000000000036,-0.005833333333333305,-0.26666666666666666,9,3,0.845549,1
C,2024-03-31,1.58,1.13,macro_rate_sensitive,0.4500000000000002,0.4500000000000002,2024,3,1,1,39.82300884955754,bull,0.10158014260367798,0.7900401466252887,13.703770512440165,-0.9103267078301823,-0.019560439560439572,-0.004090909090909086,3.0,-0.21999999999999997,-0.005329670329670343,-0.21978021978021978,13,3,0.8826871,1
ASML,2024-03-31,3.38,2.84,tech_cycle,0.54,0.54,2024,3,1,1,19.014084507042256,bull,0.10158014260367798,0.7900401466252887,13.703770512440165,-0.9103267078301823,-0.04664335664335663,0.053272727272727284,0.0,0.0,-0.05090909090909092,0.06993006993006994,12,5,0.60983914,1
TSM,2024-03-31,1.38,1.29,tech_cycle,0.08999999999999986,0.08999999999999986,2024,3,1,1,6.9767441860465,bull,0.10158014260367798,0.7900401466252887,13.703770512440165,-0.9103267078301823,0.0004945054945054694,-0.0004545454545454549,1.0,0.0,0.0026373626373626395,0.13186813186813187,13,5,0.5957195,1
MO,2024-03-31,1.15,1.16,defensive_baseline,-0.010000000000000009,-0.010000000000000009,2024,3,1,0,-0.8620689655172422,bull,0.10158014260367798,0.7900401466252887,13.703770512440165,-0.9103267078301823,-0.003146853146853148,0.0005454545454545459,0.0,-0.010000000000000009,0.000489510489510469,-0.11188811188811189,12,1,0.42896527,0
AMD,2024-03-31,0.62,0.6,tech_cycle,0.020000000000000018,0.020000000000000018,2024,3,1,1,3.3333333333333366,bull,0.10158014260367798,0.7900401466252887,13.703770512440165,-0.9103267078301823,-0.0024725274725274785,0.00244755244755245,1.0,0.0,-0.005769230769230772,-0.08241758241758242,13,5,0.7842379,1
PG,2024-03-31,1.52,1.42,defensive_baseline,0.10000000000000009,0.10000000000000009,2024,3,1,1,7.042253521126768,bull,0.10158014260367798,0.7900401466252887,13.703770512440165,-0.9103267078301823,-0.0003846153846153826,0.0004545454545454549,0.0,0.0,-0.0018531468531468541,0.0,12,1,0.5111133,1
NEE,2024-03-31,0.91,0.8,defensive_baseline,0.10999999999999999,0.10999999999999999,2024,3,1,1,13.749999999999998,bull,0.10158014260367798,0.7900401466252887,13.703770512440165,-0.9103267078301823,-0.0009890109890109875,0.00223776223776224,1.0,0.030000000000000027,-0.0006593406593406599,0.0,13,1,0.42380217,0
GILD,2024-03-31,-1.32,-1.49,regulatory_idiosyncratic,0.16999999999999993,0.16999999999999993,2024,3,1,1,11.409395973154357,bull,0.10158014260367798,0.7900401466252887,13.703770512440165,-0.9103267078301823,-0.026000000000000013,-0.02836363636363637,2.0,-0.54,0.14363636363636367,0.11818181818181818,11,4,0.53395414,1
HON,2024-03-31,2.25,2.18,economically_cyclical,0.06999999999999984,0.06999999999999984,2024,3,1,1,3.2110091743119193,bull,0.10158014260367798,0.7900401466252887,13.703770512440165,-0.9103267078301823,-0.0024825174825174857,0.002090909090909087,0.0,0.0,-0.0012937062937062567,0.24475524475524477,12,2,0.69825536,1
SBUX,2024-03-31,0.68,0.79,economically_cyclical,-0.10999999999999999,-0.10999999999999999,2024,3,1,0,-13.924050632911388,bull,0.10158014260367798,0.7900401466252887,13.703770512440165,-0.9103267078301823,-0.002417582417582405,-0.0011188811188811163,0.0,-0.039999999999999925,0.004670329670329671,0.0,13,2,0.54068893,1
BMY,2024-03-31,-4.4,-4.55,regulatory_idiosyncratic,0.14999999999999947,0.14999999999999947,2024,3,1,1,3.296703296703285,bull,0.10158014260367798,0.7900401466252887,13.703770512440165,-0.9103267078301823,-0.4451398601398601,-0.2048181818181818,1.0,-6.04,-0.0023076923076923456,-0.36013986013986016,12,4,0.93976235,1
HD,2024-04-30,3.63,3.61,economically_cyclical,0.020000000000000018,0.020000000000000018,2024,4,2,1,0.5540166204986154,sideways,0.10158014260367798,0.7900401466252887,13.703770512440165,-0.9103267078301823,0.0005244755244754947,0.00045454545454544484,1.0,0.009999999999999787,-0.018356643356643346,0.0,12,2,0.5895521,1
NVDA,2024-04-30,6.12,5.49,tech_cycle,0.6299999999999999,0.6299999999999999,2024,4,2,1,11.475409836065571,sideways,0.10158014260367798,0.7900401466252887,13.703770512440165,-0.9103267078301823,0.030454545454545557,-0.022636363636363645,0.0,0.040000000000000036,-0.12367132867132871,0.038461538461538464,12,5,0.917835,1
DE,2024-04-30,8.53,7.86,economically_cyclical,0.669999999999999,0.669999999999999,2024,4,2,1,8.524173027989809,sideways,0.10158014260367798,0.7900401466252887,13.703770512440165,-0.9103267078301823,-0.014505494505494742,0.017447552447552445,1.0,0.040000000000000036,-0.012692307692307676,0.08241758241758242,13,2,0.84655803,1
WMT,2024-04-30,0.6,0.52,defensive_baseline,0.07999999999999996,0.07999999999999996,2024,4,2,1,15.384615384615378,sideways,0.10158014260367798,0.7900401466252887,13.703770512440165,-0.9103267078301823,-0.0396153846153846,0.04681818181818182,0.0,0.0,-0.0011538461538461548,-0.11188811188811189,12,1,0.3715406,0
AVGO,2024-04-30,1.1,1.08,tech_cycle,0.020000000000000018,0.020000000000000018,2024,4,2,1,1.8518518518518534,sideways,0.10158014260367798,0.7900401466252887,13.703770512440165,-0.9103267078301823,-0.01148351648351658,0.0047902097902098,2.0,0.06999999999999851,-0.07175824175824179,0.06593406593406594,13,5,0.80863774,1
LOW,2024-04-30,3.06,2.94,economically_cyclical,0.1200000000000001,0.1200000000000001,2024,4,2,1,4.081632653061228,sideways,0.10158014260367798,0.7900401466252887,13.703770512440165,-0.9103267078301823,-0.004727272727272708,0.004000000000000001,0.0,0.0,-0.03354545454545456,0.0,11,2,0.54623127,1
AMAT,2024-04-30,2.09,1.97,tech_cycle,0.11999999999999988,0.11999999999999988,2024,4,2,1,6.091370558375629,sideways,0.10158014260367798,0.7900401466252887,13.703770512440165,-0.9103267078301823,0.0066483516483516435,-0.004685314685314681,0.0,0.020000000000000018,-0.016153846153846168,0.03296703296703297,13,5,0.9715001,1
MU,2024-05-31,0.62,0.5,tech_cycle,0.12,0.12,2024,5,2,1,24.0,bull,0.039230328961986416,0.04131360894258344,14.029841180831667,-0.8524586935011358,0.01132867132867133,-0.01109090909090909,2.0,0.03999999999999998,-0.026818181818181824,0.024475524475524476,12,5,0.93346035,1
NKE,2024-05-31,1.01,0.85,economically_cyclical,0.16000000000000003,0.16000000000000003,2024,5,2,1,18.82352941176471,bull,0.039230328961986416,0.04131360894258344,14.029841180831667,-0.8524586935011358,-0.0019780219780219798,0.0015384615384615395,3.0,0.010000000000000009,-0.003956043956043956,-0.17032967032967034,13,2,0.6122408,1
COST,2024-05-31,3.78,3.7,defensive_baseline,0.07999999999999963,0.07999999999999963,2024,5,2,1,2.162162162162152,bull,0.039230328961986416,0.04131360894258344,14.029841180831667,-0.8524586935011358,0.003818181818181769,0.00054545454545455,3.0,0.03000000000000025,0.012818181818181836,0.09090909090909091,11,1,0.66896653,1
SO,2024-06-30,1.09,0.91,defensive_baseline,0.18000000000000005,0.18000000000000005,2024,6,2,1,19.780219780219785,sideways,0.039230328961986416,0.04131360894258344,14.029841180831667,-0.8524586935011358,-0.0005594405594405662,0.0007272727272727279,2.0,0.010000000000000009,-0.002517482517482519,0.13286713286713286,12,1,0.8461658,1
UNH,2024-06-30,6.8,6.65,regulatory_idiosyncratic,0.14999999999999947,0.14999999999999947,2024,6,2,1,2.255639097744353,sideways,0.039230328961986416,0.04131360894258344,14.029841180831667,-0.8524586935011358,-0.014545454545454533,0.00236363636363637,0.0,-0.10999999999999943,0.020034965034965005,0.0,12,4,0.59866947,1
GS,2024-06-30,8.62,8.52,macro_rate_sensitive,0.09999999999999964,0.09999999999999964,2024,6,2,1,1.1737089201877893,sideways,0.039230328961986416,0.04131360894258344,14.029841180831667,-0.8524586935011358,0.011188811188811099,-0.02872727272727273,1.0,-0.34999999999999964,-0.06479020979020977,-0.038461538461538464,12,3,0.79030114,1
NEM,2024-06-30,0.72,0.53,commodity_driven,0.18999999999999995,0.18999999999999995,2024,6,2,1,35.84905660377357,sideways,0.039230328961986416,0.04131360894258344,14.029841180831667,-0.8524586935011358,0.0006643356643356719,0.0017272727272727288,1.0,0.030000000000000027,-0.0007342657342657342,0.10839160839160839,12,0,0.51997405,1
CL,2024-06-30,0.91,0.87,defensive_baseline,0.040000000000000036,0.040000000000000036,2024,6,2,1,4.5977011494252915,sideways,0.039230328961986416,0.04131360894258344,14.029841180831667,-0.8524586935011358,0.00038461538461540126,-0.0004545454545454549,0.0,0.0,-0.00038461538461538494,0.07692307692307693,12,1,0.39985982,0
KLAC,2024-06-30,6.6,6.08,tech_cycle,0.5199999999999996,0.5199999999999996,2024,6,2,1,8.552631578947361,sideways,0.039230328961986416,0.04131360894258344,14.029841180831667,-0.8524586935011358,0.017377622377622373,-0.014636363636363616,0.0,0.0,-0.057692307692307765,0.038461538461538464,12,5,0.9433372,1
CVX,2024-06-30,2.55,2.88,commodity_driven,-0.33000000000000007,-0.33000000000000007,2024,6,2,0,-11.458333333333336,sideways,0.039230328961986416,0.04131360894258344,14.029841180831667,-0.8524586935011358,-0.052857142857142804,-0.015139860139860144,1.0,-0.7000000000000002,-0.052417582417582445,0.1813186813186813,13,0,0.62669253,1
NEE,2024-06-30,0.96,0.93,defensive_baseline,0.029999999999999916,0.029999999999999916,2024,6,2,1,3.225806451612894,sideways,0.039230328961986416,0.04131360894258344,14.029841180831667,-0.8524586935011358,0.0015734265734265959,0.0008181818181818189,3.0,0.020000000000000018,-0.005349650349650346,0.12237762237762238,12,1,0.67973816,1
PEP,2024-06-30,2.28,2.15,defensive_baseline,0.1299999999999999,0.1299999999999999,2024,6,2,1,6.0465116279069715,sideways,0.039230328961986416,0.04131360894258344,14.029841180831667,-0.8524586935011358,0.0,0.0,0.0,0.0,-0.003878787878787882,0.0,10,1,0.730823,1
LLY,2024-06-30,3.92,2.64,regulatory_idiosyncratic,1.2799999999999998,1.2572,2024,6,2,1,48.48484848484848,sideways,0.039230328961986416,0.04131360894258344,14.029841180831667,-0.8524586935011358,6.993006993010571e-05,-0.00036363636363635993,2.0,-0.009999999999999787,0.0016783216783216488,0.06643356643356643,12,4,0.55300194,1
JNJ,2024-06-30,2.82,2.71,regulatory_idiosyncratic,0.10999999999999988,0.10999999999999988,2024,6,2,1,4.0590405904059,sideways,0.039230328961986416,0.04131360894258344,14.029841180831667,-0.8524586935011358,-0.0013286713286713501,-0.0005454545454545379,2.0,-0.03000000000000025,-0.002202797202797168,0.038461538461538464,12,4,0.939446,1
BA,2024-06-30,-2.9,-1.79,economically_cyclical,-1.1099999999999999,-1.1099999999999999,2024,6,2,0,-62.01117318435754,sideways,0.039230328961986416,0.04131360894258344,14.029841180831667,-0.8524586935011358,-0.12090909090909091,-0.034499999999999996,2.0,-0.86,0.05957575757575761,0.20606060606060606,10,2,0.7282438,1
JPM,2024-06-30,4.4,4.19,macro_rate_sensitive,0.20999999999999996,0.20999999999999996,2024,6,2,1,5.0119331742243425,sideways,0.039230328961986416,0.04131360894258344,14.029841180831667,-0.8524586935011358,0.014615384615384615,0.001636363636363658,1.0,0.10000000000000053,0.0055244755244754995,-0.26223776223776224,12,3,0.8967238,1
OXY,2024-06-30,1.03,0.77,commodity_driven,0.26,0.26,2024,6,2,1,33.76623376623377,sideways,0.039230328961986416,0.04131360894258344,14.029841180831667,-0.8524586935011358,-0.011272727272727275,-0.006606060606060602,1.0,-0.1499999999999999,-0.0008181818181818088,0.0,11,0,0.38038176,0
ASML,2024-06-30,4.32,3.87,tech_cycle,0.4500000000000002,0.4500000000000002,2024,6,2,1,11.62790697674419,sideways,0.039230328961986416,0.04131360894258344,14.029841180831667,-0.8524586935011358,-0.007342657342657348,0.009818181818181823,1.0,0.010000000000000231,-0.014055944055944116,0.038461538461538464,12,5,0.84426033,1
TXN,2024-06-30,1.22,1.16,tech_cycle,0.06000000000000005,0.06000000000000005,2024,6,2,1,5.172413793103453,sideways,0.039230328961986416,0.04131360894258344,14.029841180831667,-0.8524586935011358,-0.0009440559440559425,0.00027272727272727295,0.0,0.0,-0.009440559440559451,0.0,12,5,0.66387093,1
ABBV,2024-06-30,2.65,2.57,regulatory_idiosyncratic,0.08000000000000007,0.08000000000000007,2024,6,2,1,3.1128404669260727,sideways,0.039230328961986416,0.04131360894258344,14.029841180831667,-0.8524586935011358,-0.00989510489510489,-0.03336363636363635,3.0,-0.5,-0.00825174825174825,-0.03146853146853147,12,4,0.5945623,1
DUK,2024-06-30,1.18,1.01,defensive_baseline,0.16999999999999993,0.16999999999999993,2024,6,2,1,16.831683168316825,sideways,0.039230328961986416,0.04131360894258344,14.029841180831667,-0.8524586935011358,-0.00054545454545455,0.0015757575757575771,1.0,0.020000000000000018,-0.014818181818181803,0.09090909090909091,11,1,0.78593487,1
COP,2024-06-30,1.98,2.06,commodity_driven,-0.08000000000000007,-0.08000000000000007,2024,6,2,0,-3.883495145631071,sideways,0.039230328961986416,0.04131360894258344,14.029841180831667,-0.8524586935011358,-0.014895104895104937,-0.009454545454545455,1.0,-0.23999999999999977,-0.025244755244755255,0.14685314685314685,12,0,0.7068252,1
PSA,2024-06-30,4.23,4.2,macro_rate_sensitive,0.03000000000000025,0.03000000000000025,2024,6,2,1,0.7142857142857202,sideways,0.039230328961986416,0.04131360894258344,14.029841180831667,-0.8524586935011358,-0.005559440559440497,-0.0013636363636363668,0.0,-0.05999999999999961,0.014055944055944049,0.12237762237762238,12,3,0.7676863,1
BMY,2024-06-30,2.07,1.64,regulatory_idiosyncratic,0.42999999999999994,0.42999999999999994,2024,6,2,1,26.219512195121947,sideways,0.039230328961986416,0.04131360894258344,14.029841180831667,-0.8524586935011358,-0.007999999999999991,0.0029761904761904786,0.0,-0.030000000000000027,-0.006666666666666651,0.21666666666666667,9,4,0.7797216,1
MCD,2024-06-30,2.97,3.08,economically_cyclical,-0.10999999999999988,-0.10999999999999988,2024,6,2,0,-3.571428571428567,sideways,0.039230328961986416,0.04131360894258344,14.029841180831667,-0.8524586935011358,-0.0013986013986013936,-0.0007272727272727279,0.0,-0.020000000000000018,-0.00038461538461537486,0.0,12,2,0.81565535,1
MMM,2024-06-30,1.93,1.66,economically_cyclical,0.27,0.27,2024,6,2,1,16.26506024096386,sideways,0.039230328961986416,0.04131360894258344,14.029841180831667,-0.8524586935011358,-0.006727272727272729,-0.00042424242424242463,0.0,-0.050000000000000044,-0.019000000000000024,0.0,11,2,0.5434442,1
APD,2024-06-30,3.2,3.04,commodity_driven,0.16000000000000014,0.16000000000000014,2024,6,2,1,5.263157894736847,sideways,0.039230328961986416,0.04131360894258344,14.029841180831667,-0.8524586935011358,-0.004335664335664367,0.0032727272727272757,0.0,0.0,-0.017237762237762244,0.0,12,0,0.26249963,0
MRK,2024-06-30,2.28,2.16,regulatory_idiosyncratic,0.11999999999999966,0.11999999999999966,2024,6,2,1,5.555555555555539,sideways,0.039230328961986416,0.04131360894258344,14.029841180831667,-0.8524586935011358,0.001923076923076931,0.0009790209790209814,1.0,0.020000000000000018,-0.006263736263736255,0.08791208791208792,13,4,0.871928,1
AMZN,2024-06-30,1.23,1.05,economically_cyclical,0.17999999999999994,0.17999999999999994,2024,6,2,1,17.14285714285714,sideways,0.039230328961986416,0.04131360894258344,14.029841180831667,-0.8524586935011358,0.00038461538461538884,0.0004545454545454549,0.0,0.010000000000000009,-0.004895104895104898,0.0,12,2,0.63081104,1
GILD,2024-06-30,2.01,1.61,regulatory_idiosyncratic,0.3999999999999997,0.3999999999999997,2024,6,2,1,24.84472049689439,sideways,0.039230328961986416,0.04131360894258344,14.029841180831667,-0.8524586935011358,-0.00021978021978020533,0.0015384615384615398,3.0,0.020000000000000018,0.0042307692307692185,0.027472527472527472,13,4,0.3958628,0
LRCX,2024-06-30,8.14,7.52,tech_cycle,0.620000000000001,0.620000000000001,2024,6,2,1,8.244680851063842,sideways,0.039230328961986416,0.04131360894258344,14.029841180831667,-0.8524586935011358,0.004780219780219688,-0.001993006993006972,0.0,0.0,-0.0337912087912088,0.0,13,5,0.95086,1
GE,2024-06-30,1.2,0.97,economically_cyclical,0.22999999999999998,0.22999999999999998,2024,6,2,1,23.711340206185564,sideways,0.039230328961986416,0.04131360894258344,14.029841180831667,-0.8524586935011358,0.004999999999999993,-0.0013636363636363618,1.0,0.010000000000000009,0.0036013986013986037,0.1888111888111888,12,2,0.9114133,1
PSX,2024-06-30,2.31,2.12,commodity_driven,0.18999999999999995,0.18999999999999995,2024,6,2,1,8.962264150943392,sideways,0.039230328961986416,0.04131360894258344,14.029841180831667,-0.8524586935011358,-0.08450549450549454,-0.001958041958041941,2.0,-0.8599999999999999,0.25565934065934065,0.08241758241758242,13,0,0.89271927,1
KO,2024-06-30,0.84,0.8,defensive_baseline,0.039999999999999925,0.039999999999999925,2024,6,2,1,4.99999999999999,sideways,0.039230328961986416,0.04131360894258344,14.029841180831667,-0.8524586935011358,8.074349270001138e-18,0.0,0.0,0.0,0.0,-0.045454545454545456,11,1,0.73252827,1
MS,2024-06-30,1.82,1.65,macro_rate_sensitive,0.17000000000000015,0.17000000000000015,2024,6,2,1,10.303030303030312,sideways,0.039230328961986416,0.04131360894258344,14.029841180831667,-0.8524586935011358,-0.0007342657342657124,0.00027272727272727295,1.0,0.0,-0.002797202797202799,0.0,12,3,0.6886277,1
TMO,2024-06-30,5.37,5.13,regulatory_idiosyncratic,0.2400000000000002,0.2400000000000002,2024,6,2,1,4.678362573099419,sideways,0.039230328961986416,0.04131360894258344,14.029841180831667,-0.8524586935011358,0.0011538461538462225,-0.001363636363636375,0.0,0.0,-0.0030769230769230795,0.038461538461538464,12,4,0.859522,1
PLD,2024-06-30,1.34,1.33,macro_rate_sensitive,0.010000000000000009,0.010000000000000009,2024,6,2,1,0.7518796992481209,sideways,0.039230328961986416,0.04131360894258344,14.029841180831667,-0.8524586935011358,-0.0025174825174825136,0.0005454545454545459,0.0,-0.010000000000000009,0.00027972027972028,0.038461538461538464,12,3,0.65032214,1
LIN,2024-06-30,3.85,3.79,commodity_driven,0.06000000000000005,0.06000000000000005,2024,6,2,1,1.5831134564643814,sideways,0.039230328961986416,0.04131360894258344,14.029841180831667,-0.8524586935011358,-0.0021678321678321342,0.0030909090909090977,1.0,0.010000000000000231,0.0024475524475524356,0.10839160839160839,12,0,0.7064813,1
MO,2024-06-30,1.31,1.35,defensive_baseline,-0.040000000000000036,-0.040000000000000036,2024,6,2,0,-2.9629629629629655,sideways,0.039230328961986416,0.04131360894258344,14.029841180831667,-0.8524586935011358,0.0014285714285714275,-0.0004895104895104899,0.0,0.010000000000000009,-0.0015934065934065948,-0.10989010989010989,13,1,0.55409354,1
AEP,2024-06-30,1.25,1.23,defensive_baseline,0.020000000000000018,0.020000000000000018,2024,6,2,1,1.6260162601626031,sideways,0.039230328961986416,0.04131360894258344,14.029841180831667,-0.8524586935011358,0.003951048951048941,-0.004818181818181822,1.0,-0.020000000000000018,-0.009335664335664328,0.038461538461538464,12,1,0.6162171,1
TSM,2024-06-30,1.48,1.37,tech_cycle,0.10999999999999988,0.10999999999999988,2024,6,2,1,8.029197080291961,sideways,0.039230328961986416,0.04131360894258344,14.029841180831667,-0.8524586935011358,0.0012587412587412754,0.0016363636363636378,1.0,0.030000000000000027,0.0054895104895104855,0.23426573426573427,12,5,0.6592366,1
HON,2024-06-30,2.49,2.42,economically_cyclical,0.07000000000000028,0.07000000000000028,2024,6,2,1,2.892561983471086,sideways,0.039230328961986416,0.04131360894258344,14.029841180831667,-0.8524586935011358,0.006958041958041928,0.001545454545454553,3.0,0.08000000000000007,0.0006293706293706113,-0.055944055944055944,12,2,0.7573211,1
PFE,2024-06-30,0.6,0.45,regulatory_idiosyncratic,0.14999999999999997,0.14999999999999997,2024,6,2,1,33.33333333333333,sideways,0.039230328961986416,0.04131360894258344,14.029841180831667,-0.8524586935011358,0.0006293706293706314,0.0,2.0,0.0,-0.001398601398601403,0.06643356643356643,12,4,0.6627436,1
SBUX,2024-06-30,0.93,0.93,economically_cyclical,0.0,0.0,2024,6,2,0,0.0,sideways,0.039230328961986416,0.04131360894258344,14.029841180831667,-0.8524586935011358,-0.002097902097902078,0.000363636363636368,0.0,-0.009999999999999898,-0.01258741258741258,-0.055944055944055944,12,2,0.39292708,0
QCOM,2024-06-30,2.33,2.25,tech_cycle,0.08000000000000007,0.08000000000000007,2024,6,2,1,3.555555555555559,sideways,0.039230328961986416,0.04131360894258344,14.029841180831667,-0.8524586935011358,0.006153846153846122,-0.005272727272727277,0.0,0.009999999999999787,-0.01391608391608391,-0.08391608391608392,12,5,0.92641705,1
CAT,2024-06-30,5.99,5.53,economically_cyclical,0.45999999999999996,0.45999999999999996,2024,6,2,1,8.318264014466545,sideways,0.039230328961986416,0.04131360894258344,14.029841180831667,-0.8524586935011358,0.0006060606060605716,-0.009833333333333286,1.0,-0.05999999999999961,-0.008545454545454525,-0.01818181818181818,10,2,0.39540884,0
XOM,2024-06-30,2.14,2.04,commodity_driven,0.10000000000000009,0.10000000000000009,2024,6,2,1,4.901960784313729,sideways,0.039230328961986416,0.04131360894258344,14.029841180831667,-0.8524586935011358,-0.037912087912087875,-0.007342657342657343,2.0,-0.4500000000000002,-0.021648351648351664,0.11538461538461539,13,0,0.4890249,0
AMD,2024-06-30,0.69,0.67,tech_cycle,0.019999999999999907,0.019999999999999907,2024,6,2,1,2.9850746268656576,sideways,0.039230328961986416,0.04131360894258344,14.029841180831667,-0.8524586935011358,0.0001748251748251711,9.090909090909098e-05,2.0,0.0,0.0006993006993007,0.0,12,5,0.41801897,0
C,2024-06-30,1.52,1.4,macro_rate_sensitive,0.1200000000000001,0.1200000000000001,2024,6,2,1,8.57142857142858,sideways,0.039230328961986416,0.04131360894258344,14.029841180831667,-0.8524586935011358,-0.002166666666666665,0.002261904761904764,2.0,0.0,0.004666666666666656,-0.4666666666666667,9,3,0.5824342,1
VLO,2024-06-30,2.71,2.61,commodity_driven,0.10000000000000009,0.10000000000000009,2024,6,2,1,3.8314176245210767,sideways,0.039230328961986416,0.04131360894258344,14.029841180831667,-0.8524586935011358,-0.1631468531468533,-0.005090909090909079,0.0,-1.5700000000000003,0.27447552447552437,0.07692307692307693,12,0,0.86850137,1
AMT,2024-06-30,2.79,2.53,macro_rate_sensitive,0.26000000000000023,0.26000000000000023,2024,6,2,1,10.276679841897243,sideways,0.039230328961986416,0.04131360894258344,14.029841180831667,-0.8524586935011358,-0.005944055944055941,0.000909090909090918,1.0,0.0,-0.011468531468531435,0.06993006993006994,12,3,0.72961867,1
PNC,2024-06-30,3.3,3.0,macro_rate_sensitive,0.2999999999999998,0.2999999999999998,2024,6,2,1,9.999999999999993,sideways,0.039230328961986416,0.04131360894258344,14.029841180831667,-0.8524586935011358,-0.0005244755244755443,0.0008181818181818007,1.0,0.009999999999999787,0.0,0.0,12,3,0.5336211,1
EOG,2024-06-30,3.16,2.98,commodity_driven,0.18000000000000016,0.18000000000000016,2024,6,2,1,6.040268456375844,sideways,0.039230328961986416,0.04131360894258344,14.029841180831667,-0.8524586935011358,-0.006083916083916066,-0.0018181818181818117,5.0,-0.06000000000000005,-0.016573426573426576,0.11188811188811189,12,0,0.7283409,1
MPC,2024-06-30,4.12,3.04,commodity_driven,1.08,1.08,2024,6,2,1,35.526315789473685,sideways,0.039230328961986416,0.04131360894258344,14.029841180831667,-0.8524586935011358,-0.25506993006993023,-0.04118181818181817,2.0,-2.42,0.23325174825174827,0.10839160839160839,12,0,0.94280493,1
WFC,2024-06-30,1.33,1.27,macro_rate_sensitive,0.06000000000000005,0.06000000000000005,2024,6,2,1,4.724409448818902,sideways,0.039230328961986416,0.04131360894258344,14.029841180831667,-0.8524586935011358,0.004930069930069924,-0.002090909090909093,0.0,0.020000000000000018,-0.0030419580419580377,0.0,12,3,0.8441215,1
CVS,2024-06-30,1.83,1.74,regulatory_idiosyncratic,0.09000000000000008,0.09000000000000008,2024,6,2,1,5.172413793103453,sideways,0.039230328961986416,0.04131360894258344,14.029841180831667,-0.8524586935011358,-0.00954545454545456,0.002090909090909093,0.0,-0.08000000000000007,-0.018251748251748284,0.038461538461538464,12,4,0.6662791,1
AMGN,2024-06-30,4.97,4.93,regulatory_idiosyncratic,0.040000000000000036,0.040000000000000036,2024,6,2,1,0.811359026369169,sideways,0.039230328961986416,0.04131360894258344,14.029841180831667,-0.8524586935011358,0.003426573426573366,0.0025454545454545235,1.0,0.05999999999999961,-0.013531468531468568,0.038461538461538464,12,4,0.6966906,1
PG,2024-06-30,1.4,1.37,defensive_baseline,0.029999999999999805,0.029999999999999805,2024,6,2,1,2.1897810218977956,sideways,0.039230328961986416,0.04131360894258344,14.029841180831667,-0.8524586935011358,-1.5616323862859345e-17,0.0,0.0,0.0,-0.0013846153846153863,0.02857142857142857,14,1,0.64585394,1
USB,2024-06-30,0.98,0.96,macro_rate_sensitive,0.020000000000000018,0.020000000000000018,2024,6,2,1,2.0833333333333353,sideways,0.039230328961986416,0.04131360894258344,14.029841180831667,-0.8524586935011358,-0.00111888111888112,-0.00018181818181818197,0.0,-0.010000000000000009,0.005594405594405587,0.0,12,3,0.42878678,0
SLB,2024-06-30,0.85,0.83,commodity_driven,0.020000000000000018,0.020000000000000018,2024,6,2,1,2.40963855421687,sideways,0.039230328961986416,0.04131360894258344,14.029841180831667,-0.8524586935011358,-0.0003846153846154075,0.0004545454545454549,0.0,0.0,-0.001153846153846151,0.07692307692307693,12,0,0.30340838,0
KMB,2024-06-30,1.96,1.68,defensive_baseline,0.28,0.28,2024,6,2,1,16.666666666666668,sideways,0.039230328961986416,0.04131360894258344,14.029841180831667,-0.8524586935011358,0.000384615384615395,0.0004545454545454549,0.0,0.010000000000000009,0.002902097902097905,0.0,12,1,0.59818304,1
ABT,2024-06-30,1.14,1.1,regulatory_idiosyncratic,0.039999999999999813,0.039999999999999813,2024,6,2,1,3.636363636363619,sideways,0.039230328961986416,0.04131360894258344,14.029841180831667,-0.8524586935011358,6.211037900000876e-18,0.0,0.0,0.0,0.0,0.0,12,4,0.84233636,1
SCHW,2024-06-30,0.73,0.73,macro_rate_sensitive,0.0,0.0,2024,6,2,0,0.0,sideways,0.039230328961986416,0.04131360894258344,14.029841180831667,-0.8524586935011358,-0.008909090909090901,-0.0009090909090909132,0.0,-0.08000000000000007,-0.007545454545454546,0.045454545454545456,11,3,0.79641247,1
INTC,2024-06-30,0.02,0.1,tech_cycle,-0.08,-0.08,2024,6,2,0,-80.0,sideways,0.039230328961986416,0.04131360894258344,14.029841180831667,-0.8524586935011358,-0.0060989010989011,0.004965034965034964,0.0,0.0,-0.010714285714285711,0.06593406593406594,13,5,0.8364427,1
BAC,2024-06-30,0.83,0.79,macro_rate_sensitive,0.039999999999999925,0.039999999999999925,2024,6,2,1,5.063291139240497,sideways,0.039230328961986416,0.04131360894258344,14.029841180831667,-0.8524586935011358,-0.0015000000000000124,-0.001547619047619049,1.0,-0.020000000000000018,0.00016666666666667235,-0.48333333333333334,9,3,0.8006559,1
LOW,2024-07-31,4.1,3.96,economically_cyclical,0.13999999999999968,0.13999999999999968,2024,7,3,1,3.5353535353535275,bull,0.039230328961986416,0.04131360894258344,14.029841180831667,-0.8524586935011358,-0.002797202797202738,0.0,0.0,-0.020000000000000018,-0.011188811188811197,0.0,12,2,0.7037993,1
AVGO,2024-07-31,1.24,1.2,tech_cycle,0.040000000000000036,0.040000000000000036,2024,7,3,1,3.3333333333333366,bull,0.039230328961986416,0.04131360894258344,14.029841180831667,-0.8524586935011358,-1.532976190476191,0.7632142857142857,1.0,-10.760000000000002,-0.14750000000000002,0.20238095238095238,8,5,0.24045323,0
AMAT,2024-07-31,2.12,2.01,tech_cycle,0.11000000000000032,0.11000000000000032,2024,7,3,1,5.472636815920414,bull,0.039230328961986416,0.04131360894258344,14.029841180831667,-0.8524586935011358,0.0016363636363635854,-0.0008484848484848398,0.0,0.0,-0.013909090909090904,-0.13636363636363635,11,5,0.9035699,1
WMT,2024-07-31,0.67,0.65,defensive_baseline,0.020000000000000018,0.020000000000000018,2024,7,3,1,3.0769230769230793,bull,0.039230328961986416,0.04131360894258344,14.029841180831667,-0.8524586935011358,1.2111523905001707e-17,0.0,0.0,0.0,0.0,0.12727272727272726,11,1,0.72299194,1
NVDA,2024-07-31,0.68,0.64,tech_cycle,0.040000000000000036,0.040000000000000036,2024,7,3,1,6.250000000000005,bull,0.039230328961986416,0.04131360894258344,14.029841180831667,-0.8524586935011358,-0.45593406593406594,0.1270629370629371,3.0,0.0,-0.1293956043956044,0.0,13,5,0.3580636,0
DE,2024-07-31,6.29,5.8,economically_cyclical,0.4900000000000002,0.4900000000000002,2024,7,3,1,8.44827586206897,bull,0.039230328961986416,0.04131360894258344,14.029841180831667,-0.8524586935011358,-0.02481818181818179,-0.00030303030303032347,2.0,-0.15000000000000036,-0.05781818181818184,-0.1,11,2,0.43430185,0
HD,2024-07-31,4.67,4.54,economically_cyclical,0.1299999999999999,0.1299999999999999,2024,7,3,1,2.8634361233480154,bull,0.039230328961986416,0.04131360894258344,14.029841180831667,-0.8524586935011358,-0.0022727272727272726,-0.0021212121212121245,2.0,-0.040000000000000036,0.003181818181818195,-0.10909090909090909,11,2,0.58333343,1
NKE,2024-08-31,0.7,0.52,economically_cyclical,0.17999999999999994,0.17999999999999994,2024,8,3,1,34.615384615384606,sideways,0.05530649339988525,0.23436392033529072,17.165468707680702,-0.2959764451917326,-0.013626373626373617,0.009860139860139856,0.0,-0.030000000000000027,-0.026648351648351647,0.2087912087912088,13,2,0.28132433,0
COST,2024-08-31,5.15,5.05,defensive_baseline,0.10000000000000053,0.10000000000000053,2024,8,3,1,1.980198019801991,sideways,0.05530649339988525,0.23436392033529072,17.165468707680702,-0.2959764451917326,0.03108823529411763,-0.032285714285714265,0.0,0.020000000000000462,0.0035441176470588,-0.004411764705882353,16,1,0.6681499,1
MU,2024-08-31,1.18,1.1,tech_cycle,0.07999999999999985,0.07999999999999985,2024,8,3,1,7.272727272727258,sideways,0.05530649339988525,0.23436392033529072,17.165468707680702,-0.2959764451917326,0.004580419580419595,-0.0026363636363636385,0.0,0.020000000000000018,-0.03800699300699301,-0.038461538461538464,12,5,0.96189606,1
TXN,2024-09-30,1.47,1.36,tech_cycle,0.10999999999999988,0.10999999999999988,2024,9,3,1,8.088235294117638,bull,0.05530649339988525,0.23436392033529072,17.165468707680702,-0.2959764451917326,1.8633113700002628e-17,0.0,0.0,0.0,-0.00038461538461538494,0.06993006993006994,12,5,0.6888387,1
PSX,2024-09-30,2.04,1.63,commodity_driven,0.41000000000000014,0.41000000000000014,2024,9,3,1,25.153374233128844,bull,0.05530649339988525,0.23436392033529072,17.165468707680702,-0.2959764451917326,-0.11069930069930074,-0.0032727272727272718,1.0,-0.8300000000000001,-0.056328671328671365,0.0,12,0,0.6160634,1
SBUX,2024-09-30,0.8,0.8,economically_cyclical,0.0,0.0,2024,9,3,0,0.0,bull,0.05530649339988525,0.23436392033529072,17.165468707680702,-0.2959764451917326,-0.005384615384615388,-0.005454545454545454,0.0,-0.13,0.005769230769230766,0.0,12,2,0.43135583,0
SCHW,2024-09-30,0.77,0.75,macro_rate_sensitive,0.020000000000000018,0.020000000000000018,2024,9,3,1,2.6666666666666687,bull,0.05530649339988525,0.23436392033529072,17.165468707680702,-0.2959764451917326,-0.001818181818181829,0.0005454545454545459,0.0,-0.010000000000000009,-0.009020979020979017,0.0,12,3,0.5723309,1
SLB,2024-09-30,0.89,0.88,commodity_driven,0.010000000000000009,0.010000000000000009,2024,9,3,1,1.1363636363636374,bull,0.05530649339988525,0.23436392033529072,17.165468707680702,-0.2959764451917326,-0.001468531468531462,0.001272727272727274,0.0,0.0,-0.00024475524475524497,0.04895104895104895,12,0,0.27515885,0
SO,2024-09-30,1.43,1.33,defensive_baseline,0.09999999999999987,0.09999999999999987,2024,9,3,1,7.518796992481193,bull,0.05530649339988525,0.23436392033529072,17.165468707680702,-0.2959764451917326,-0.011923076923076868,0.0033636363636363647,3.0,-0.07999999999999985,-0.018636363636363635,-0.11888111888111888,12,1,0.14096512,0
QCOM,2024-09-30,2.69,2.56,tech_cycle,0.1299999999999999,0.1299999999999999,2024,9,3,1,5.078124999999996,bull,0.05530649339988525,0.23436392033529072,17.165468707680702,-0.2959764451917326,0.0021978021978022095,-0.00020979020979020998,0.0,0.020000000000000018,-0.013186813186813199,0.0989010989010989,13,5,0.873954,1
TMO,2024-09-30,5.28,5.25,regulatory_idiosyncratic,0.03000000000000025,0.03000000000000025,2024,9,3,1,0.5714285714285762,bull,0.05530649339988525,0.23436392033529072,17.165468707680702,-0.2959764451917326,-0.0041258741258741495,0.00018181818181817793,2.0,-0.03000000000000025,-0.01657342657342663,0.0,12,4,0.6824018,1
TSM,2024-09-30,1.94,1.74,tech_cycle,0.19999999999999996,0.19999999999999996,2024,9,3,1,11.494252873563216,bull,0.05530649339988525,0.23436392033529072,17.165468707680702,-0.2959764451917326,0.006853146853146868,-0.0040000000000000036,0.0,0.020000000000000018,-0.0048601398601398485,0.12237762237762238,12,5,0.9770617,1
KLAC,2024-09-30,7.33,7.03,tech_cycle,0.2999999999999998,0.2999999999999998,2024,9,3,1,4.267425320056897,bull,0.05530649339988525,0.23436392033529072,17.165468707680702,-0.2959764451917326,0.0010989010989011145,0.00010489510489511197,0.0,0.010000000000000675,0.0,0.10989010989010989,13,5,0.80908895,1
HON,2024-09-30,2.58,2.5,economically_cyclical,0.08000000000000007,0.08000000000000007,2024,9,3,1,3.200000000000003,bull,0.05530649339988525,0.23436392033529072,17.165468707680702,-0.2959764451917326,-0.001468531468531549,0.0005454545454545379,0.0,-0.010000000000000231,-0.0011538461538461464,0.26573426573426573,12,2,0.7318036,1
AMGN,2024-09-30,5.58,5.11,regulatory_idiosyncratic,0.46999999999999975,0.46999999999999975,2024,9,3,1,9.197651663405082,bull,0.05530649339988525,0.23436392033529072,17.165468707680702,-0.2959764451917326,0.03213286713286718,-0.005545454545454532,2.0,0.3000000000000007,-0.43090909090909085,-0.11188811188811189,12,4,0.8131486,1
CVX,2024-09-30,2.51,2.47,commodity_driven,0.03999999999999959,0.03999999999999959,2024,9,3,1,1.61943319838055,bull,0.05530649339988525,0.23436392033529072,17.165468707680702,-0.2959764451917326,-0.05367132867132871,-0.0042727272727272544,3.0,-0.5099999999999998,0.02755244755244756,-0.055944055944055944,12,0,0.5600232,1
BMY,2024-09-30,1.8,1.49,regulatory_idiosyncratic,0.31000000000000005,0.31000000000000005,2024,9,3,1,20.805369127516784,bull,0.05530649339988525,0.23436392033529072,17.165468707680702,-0.2959764451917326,-0.0076373626373626505,0.0003496503496503414,0.0,-0.08000000000000007,0.008131868131868147,-0.016483516483516484,13,4,0.34623086,0
CVS,2024-09-30,1.09,1.07,regulatory_idiosyncratic,0.020000000000000018,0.020000000000000018,2024,9,3,1,1.8691588785046744,bull,0.05530649339988525,0.23436392033529072,17.165468707680702,-0.2959764451917326,-0.030549450549450543,-0.020314685314685308,0.0,-0.6199999999999999,-0.02197802197802197,-0.26373626373626374,13,4,0.63529134,1
KMB,2024-09-30,1.83,1.69,defensive_baseline,0.14000000000000012,0.14000000000000012,2024,9,3,1,8.28402366863906,bull,0.05530649339988525,0.23436392033529072,17.165468707680702,-0.2959764451917326,0.00038461538461534537,0.0004545454545454549,0.0,0.010000000000000009,-0.00150349650349648,0.0,12,1,0.63045996,1
NEM,2024-09-30,0.81,0.83,commodity_driven,-0.019999999999999907,-0.019999999999999907,2024,9,3,0,-2.4096385542168566,bull,0.05530649339988525,0.23436392033529072,17.165468707680702,-0.2959764451917326,0.005454545454545463,0.0007272727272727279,2.0,0.040000000000000036,-0.006993006993006995,0.006993006993006993,12,0,0.54470456,1
COP,2024-09-30,1.78,1.68,commodity_driven,0.10000000000000009,0.10000000000000009,2024,9,3,1,5.952380952380958,bull,0.05530649339988525,0.23436392033529072,17.165468707680702,-0.2959764451917326,-0.038811188811188814,-0.003818181818181805,0.0,-0.3699999999999999,-0.0022027972027972116,0.06993006993006994,12,0,0.5524719,1
AMZN,2024-09-30,1.43,1.14,economically_cyclical,0.29000000000000004,0.29000000000000004,2024,9,3,1,25.438596491228076,bull,0.05530649339988525,0.23436392033529072,17.165468707680702,-0.2959764451917326,-0.0012587412587412505,0.0,0.0,-0.010000000000000009,-0.010069930069930075,0.0,12,2,0.8033677,1
NEE,2024-09-30,1.03,0.98,defensive_baseline,0.050000000000000044,0.050000000000000044,2024,9,3,1,5.102040816326536,bull,0.05530649339988525,0.23436392033529072,17.165468707680702,-0.2959764451917326,0.003461538461538462,0.002272727272727275,0.0,0.07000000000000006,-0.007692307692307693,-0.06293706293706294,12,1,0.4986425,0
CL,2024-09-30,0.91,0.88,defensive_baseline,0.030000000000000027,0.030000000000000027,2024,9,3,1,3.4090909090909123,bull,0.05530649339988525,0.23436392033529072,17.165468707680702,-0.2959764451917326,-0.00038461538461540126,0.0004545454545454549,0.0,0.0,-0.0011538461538461548,0.1888111888111888,12,1,0.5505159,1
USB,2024-09-30,1.03,1.0,macro_rate_sensitive,0.030000000000000027,0.030000000000000027,2024,9,3,1,3.0000000000000027,bull,0.05530649339988525,0.23436392033529072,17.165468707680702,-0.2959764451917326,0.0,0.0,0.0,0.0,-0.0014685314685314698,-0.06993006993006994,12,3,0.8542109,1
APD,2024-09-30,3.56,3.44,commodity_driven,0.1200000000000001,0.1200000000000001,2024,9,3,1,3.4883720930232593,bull,0.05530649339988525,0.23436392033529072,17.165468707680702,-0.2959764451917326,-0.0026373626373626395,-0.0005244755244755257,2.0,-0.03000000000000025,-0.010714285714285706,-0.11538461538461539,13,0,0.4092541,0
VLO,2024-09-30,1.14,1.29,commodity_driven,-0.15000000000000013,-0.15000000000000013,2024,9,3,0,-11.627906976744196,bull,0.05530649339988525,0.23436392033529072,17.165468707680702,-0.2959764451917326,-0.23286713286713295,-0.004181818181818169,2.0,-1.79,-0.25143356643356635,-0.03496503496503497,12,0,0.76603407,1
JPM,2024-09-30,4.37,4.02,macro_rate_sensitive,0.35000000000000053,0.35000000000000053,2024,9,3,1,8.706467661691557,bull,0.05530649339988525,0.23436392033529072,17.165468707680702,-0.2959764451917326,-0.00076923076923079,-0.0018181818181817794,3.0,-0.019999999999999574,-0.005559440559440562,0.055944055944055944,12,3,0.8503181,1
KO,2024-09-30,0.77,0.74,defensive_baseline,0.030000000000000027,0.030000000000000027,2024,9,3,1,4.054054054054058,bull,0.05530649339988525,0.23436392033529072,17.165468707680702,-0.2959764451917326,-0.0006993006993006968,-0.00036363636363636394,0.0,-0.010000000000000009,-0.00038461538461538494,0.0,12,1,0.6409821,1
ASML,2024-09-30,5.8,5.24,tech_cycle,0.5599999999999996,0.5599999999999996,2024,9,3,1,10.68702290076335,bull,0.05530649339988525,0.23436392033529072,17.165468707680702,-0.2959764451917326,0.000489510489510417,-0.012181818181818172,1.0,-0.20000000000000018,-0.03937062937062932,-0.13286713286713286,12,5,0.67386234,1
LIN,2024-09-30,3.94,3.89,commodity_driven,0.04999999999999982,0.04999999999999982,2024,9,3,1,1.2853470437017949,bull,0.05530649339988525,0.23436392033529072,17.165468707680702,-0.2959764451917326,-0.0006993006993007093,-0.00036363636363635586,0.0,-0.009999999999999787,-0.0027972027972028,0.0,12,0,0.7674564,1
CAT,2024-09-30,5.17,5.33,economically_cyclical,-0.16000000000000014,-0.16000000000000014,2024,9,3,0,-3.001876172607883,bull,0.05530649339988525,0.23436392033529072,17.165468707680702,-0.2959764451917326,0.0005944055944056252,-0.0033636363636363647,3.0,-0.040000000000000036,-0.010909090909090903,-0.09090909090909091,12,2,0.40184408,0
MRK,2024-09-30,1.57,1.5,regulatory_idiosyncratic,0.07000000000000006,0.07000000000000006,2024,9,3,1,4.666666666666671,bull,0.05530649339988525,0.23436392033529072,17.165468707680702,-0.2959764451917326,-0.029090909090909115,-0.0041818181818181884,2.0,-0.21999999999999997,-0.03172727272727271,0.045454545454545456,11,4,0.693403,1
LLY,2024-09-30,1.18,1.52,regulatory_idiosyncratic,-0.3400000000000001,-0.3400000000000001,2024,9,3,0,-22.368421052631586,bull,0.05530649339988525,0.23436392033529072,17.165468707680702,-0.2959764451917326,-0.2160909090909091,-0.15193939393939396,2.0,-3.0,0.027545454545454612,-0.19090909090909092,11,4,0.87108094,1
BA,2024-09-30,-10.44,-10.34,economically_cyclical,-0.09999999999999964,-0.09999999999999964,2024,9,3,0,-0.9671179883945807,bull,0.05530649339988525,0.23436392033529072,17.165468707680702,-0.2959764451917326,-0.74,-0.7846428571428571,0.0,-9.91,0.0821666666666666,-0.45,9,2,0.8333627,1
MPC,2024-09-30,1.87,0.97,commodity_driven,0.9000000000000001,0.9000000000000001,2024,9,3,1,92.78350515463919,bull,0.05530649339988525,0.23436392033529072,17.165468707680702,-0.2959764451917326,-0.2696703296703297,-0.0056993006993007024,1.0,-2.2300000000000004,-0.3230219780219781,0.02197802197802198,13,0,0.5990075,1
C,2024-09-30,1.51,1.34,macro_rate_sensitive,0.16999999999999993,0.16999999999999993,2024,9,3,1,12.686567164179099,bull,0.05530649339988525,0.23436392033529072,17.165468707680702,-0.2959764451917326,-0.0060989010989011055,0.0010839160839160903,2.0,-0.05999999999999983,-0.0061538461538461564,0.02197802197802198,13,3,0.5648638,1
MO,2024-09-30,1.38,1.36,defensive_baseline,0.019999999999999796,0.019999999999999796,2024,9,3,1,1.4705882352941024,bull,0.05530649339988525,0.23436392033529072,17.165468707680702,-0.2959764451917326,0.0011188811188811137,-0.00018181818181818197,0.0,0.010000000000000009,-0.0027272727272727297,-0.12237762237762238,12,1,0.7634296,1
GE,2024-09-30,1.15,1.13,economically_cyclical,0.020000000000000018,0.020000000000000018,2024,9,3,1,1.7699115044247804,bull,0.05530649339988525,0.23436392033529072,17.165468707680702,-0.2959764451917326,0.001888111888111885,0.0001818181818181719,0.0,0.019999999999999796,0.0033566433566433597,0.038461538461538464,12,2,0.78333867,1
BAC,2024-09-30,0.81,0.78,macro_rate_sensitive,0.030000000000000027,0.030000000000000027,2024,9,3,1,3.8461538461538494,bull,0.05530649339988525,0.23436392033529072,17.165468707680702,-0.2959764451917326,-0.0019230769230769193,-0.001181818181818183,1.0,-0.030000000000000027,-0.007342657342657343,0.0,12,3,0.7188573,1
LRCX,2024-09-30,0.86,0.8,tech_cycle,0.05999999999999994,0.05999999999999994,2024,9,3,1,7.499999999999993,bull,0.05530649339988525,0.23436392033529072,17.165468707680702,-0.2959764451917326,-0.7603636363636364,-0.22648484848484843,3.0,-7.2,0.26472727272727264,0.0,11,5,0.72757196,1
MMM,2024-09-30,1.98,1.93,economically_cyclical,0.050000000000000044,0.050000000000000044,2024,9,3,1,2.5906735751295358,bull,0.05530649339988525,0.23436392033529072,17.165468707680702,-0.2959764451917326,-0.002272727272727268,0.004090909090909095,1.0,0.010000000000000009,-0.0008391608391608399,0.16433566433566432,12,2,0.7498168,1
MS,2024-09-30,1.88,1.57,macro_rate_sensitive,0.30999999999999983,0.30999999999999983,2024,9,3,1,19.745222929936293,bull,0.05530649339988525,0.23436392033529072,17.165468707680702,-0.2959764451917326,-0.003356643356643347,-0.0030909090909090856,1.0,-0.06999999999999984,-0.002377622377622383,0.0,12,3,0.7251688,1
OXY,2024-09-30,1.0,0.8,commodity_driven,0.19999999999999996,0.19999999999999996,2024,9,3,1,24.999999999999993,bull,0.05530649339988525,0.23436392033529072,17.165468707680702,-0.2959764451917326,-0.02373626373626374,0.0004895104895104922,0.0,-0.16999999999999993,0.034999999999999996,0.0989010989010989,13,0,0.54191446,1
AMT,2024-09-30,2.64,2.54,macro_rate_sensitive,0.10000000000000009,0.10000000000000009,2024,9,3,1,3.9370078740157513,bull,0.05530649339988525,0.23436392033529072,17.165468707680702,-0.2959764451917326,-0.005769230769230739,-0.0017272727272727188,1.0,-0.08999999999999986,-0.0002097902097902519,0.03496503496503497,12,3,0.6356108,1
DUK,2024-09-30,1.62,1.73,defensive_baseline,-0.10999999999999988,-0.10909999999999989,2024,9,3,0,-6.3583815028901665,bull,0.05530649339988525,0.23436392033529072,17.165468707680702,-0.2959764451917326,-0.011703296703296727,-0.0016783216783216853,2.0,-0.13000000000000012,0.00829670329670328,-0.005494505494505495,13,1,0.2178246,0
GILD,2024-09-30,2.02,1.58,regulatory_idiosyncratic,0.43999999999999995,0.43999999999999995,2024,9,3,1,27.848101265822777,bull,0.05530649339988525,0.23436392033529072,17.165468707680702,-0.2959764451917326,-0.006263736263736247,-0.000734265734265728,0.0,-0.07999999999999985,0.006648351648351656,0.03296703296703297,13,4,0.64071184,1
PSA,2024-09-30,4.2,4.25,macro_rate_sensitive,-0.04999999999999982,-0.04999999999999982,2024,9,3,0,-1.17647058823529,bull,0.05530649339988525,0.23436392033529072,17.165468707680702,-0.2959764451917326,-0.003251748251748176,0.0015454545454545447,2.0,0.0,-0.011853146853146852,0.21678321678321677,12,3,0.5337564,1
UNH,2024-09-30,7.15,7.02,regulatory_idiosyncratic,0.13000000000000078,0.13000000000000078,2024,9,3,1,1.8518518518518632,bull,0.05530649339988525,0.23436392033529072,17.165468707680702,-0.2959764451917326,-0.005636363636363742,-0.00024242424242423727,1.0,-0.03000000000000025,-0.02536363636363633,0.0,11,4,0.6439827,1
ABBV,2024-09-30,3.0,2.92,regulatory_idiosyncratic,0.08000000000000007,0.08000000000000007,2024,9,3,1,2.739726027397263,bull,0.05530649339988525,0.23436392033529072,17.165468707680702,-0.2959764451917326,-0.00016483516483517107,-0.00255244755244756,1.0,-0.03000000000000025,-0.0056043956043955925,0.08241758241758242,13,4,0.9334237,1
GS,2024-09-30,8.4,6.85,macro_rate_sensitive,1.5500000000000007,1.5500000000000007,2024,9,3,1,22.627737226277382,bull,0.05530649339988525,0.23436392033529072,17.165468707680702,-0.2959764451917326,-0.08947552447552444,-0.06645454545454549,1.0,-1.6100000000000012,-0.0003496503496503049,-0.038461538461538464,12,3,0.91813266,1
PNC,2024-09-30,3.49,3.29,macro_rate_sensitive,0.20000000000000018,0.20000000000000018,2024,9,3,1,6.079027355623105,bull,0.05530649339988525,0.23436392033529072,17.165468707680702,-0.2959764451917326,0.005419580419580459,0.0013636363636363629,2.0,0.06000000000000005,-0.0009090909090909332,-0.06993006993006994,12,3,0.7334682,1
EOG,2024-09-30,2.89,2.73,commodity_driven,0.16000000000000014,0.16000000000000014,2024,9,3,1,5.860805860805867,bull,0.05530649339988525,0.23436392033529072,17.165468707680702,-0.2959764451917326,-0.038736263736263835,-0.0031118881118881187,0.0,-0.40000000000000036,0.03351648351648353,0.027472527472527472,13,0,0.24578394,0
WFC,2024-09-30,1.52,1.27,macro_rate_sensitive,0.25,0.25,2024,9,3,1,19.685039370078737,bull,0.05530649339988525,0.23436392033529072,17.165468707680702,-0.2959764451917326,-0.0009790209790209643,0.0016363636363636378,2.0,0.0,-0.0011538461538461479,0.0,12,3,0.38426965,0
ABT,2024-09-30,1.21,1.2,regulatory_idiosyncratic,0.010000000000000009,0.010000000000000009,2024,9,3,1,0.8333333333333341,bull,0.05530649339988525,0.23436392033529072,17.165468707680702,-0.2959764451917326,-6.211037900000876e-18,0.0,0.0,0.0,0.0,0.11188811188811189,12,4,0.82992977,1
AMD,2024-09-30,0.92,0.91,tech_cycle,0.010000000000000009,0.010000000000000009,2024,9,3,1,1.0989010989010999,bull,0.05530649339988525,0.23436392033529072,17.165468707680702,-0.2959764451917326,0.0006993006993006968,-0.00036363636363636394,0.0,0.0,-0.0013986013986014,0.0,12,5,0.69045985,1
PLD,2024-09-30,1.43,1.37,macro_rate_sensitive,0.05999999999999983,0.05999999999999983,2024,9,3,1,4.379562043795607,bull,0.05530649339988525,0.23436392033529072,17.165468707680702,-0.2959764451917326,0.0,0.0,0.0,0.0,0.00038461538461538494,-0.024475524475524476,12,3,0.7664941,1
XOM,2024-09-30,1.92,1.91,commodity_driven,0.010000000000000009,0.010000000000000009,2024,9,3,1,0.5235602094240842,bull,0.05530649339988525,0.23436392033529072,17.165468707680702,-0.2959764451917326,-0.02611888111888109,0.0042727272727272805,2.0,-0.15000000000000013,-0.04062937062937061,0.0,12,0,0.31337753,0
AEP,2024-09-30,1.85,1.78,defensive_baseline,0.07000000000000006,0.07000000000000006,2024,9,3,1,3.9325842696629247,bull,0.05530649339988525,0.23436392033529072,17.165468707680702,-0.2959764451917326,-0.00038461538461537643,-0.00202797202797203,1.0,-0.030000000000000027,-0.0008241758241758212,0.13186813186813187,13,1,0.28899327,0
PG,2024-09-30,1.93,1.9,defensive_baseline,0.030000000000000027,0.030000000000000027,2024,9,3,1,1.578947368421054,bull,0.05530649339988525,0.23436392033529072,17.165468707680702,-0.2959764451917326,-0.0005454545454545446,0.0006666666666666673,0.0,0.0,0.0067272727272727345,0.18181818181818182,10,1,0.5165785,1
MCD,2024-09-30,3.23,3.18,economically_cyclical,0.04999999999999982,0.04999999999999982,2024,9,3,1,1.5723270440251518,bull,0.05530649339988525,0.23436392033529072,17.165468707680702,-0.2959764451917326,0.0015384615384615304,0.001818181818181836,1.0,0.03000000000000025,-0.0038461538461538854,0.0,12,2,0.4151429,0
INTC,2024-09-30,-0.63,-0.2,tech_cycle,-0.43,-0.3803999999999999,2024,9,3,0,-215.0,bull,0.05530649339988525,0.23436392033529072,17.165468707680702,-0.2959764451917326,-0.002832167832167832,0.0008181818181818182,0.0,0.0,-0.02737762237762237,0.0,12,5,0.7485809,1
PEP,2024-09-30,2.31,2.3,defensive_baseline,0.010000000000000231,0.010000000000000231,2024,9,3,1,0.43478260869566226,bull,0.05530649339988525,0.23436392033529072,17.165468707680702,-0.2959764451917326,-0.0022377622377622646,0.0012727272727272659,0.0,-0.010000000000000231,-0.003111888111888108,0.0,12,1,0.3685898,0
JNJ,2024-09-30,2.42,2.22,regulatory_idiosyncratic,0.19999999999999973,0.19999999999999973,2024,9,3,1,9.009009009008997,bull,0.05530649339988525,0.23436392033529072,17.165468707680702,-0.2959764451917326,-0.015629370629370563,0.005545454545454544,1.0,-0.06999999999999984,-0.03129370629370631,0.0,12,4,0.5977217,1
PFE,2024-09-30,1.06,0.64,regulatory_idiosyncratic,0.42000000000000004,0.42000000000000004,2024,9,3,1,65.625,bull,0.05530649339988525,0.23436392033529072,17.165468707680702,-0.2959764451917326,0.0005244755244755165,0.00027272727272727295,2.0,0.010000000000000009,0.0013986013986014,0.0944055944055944,12,4,0.68922853,1
NVDA,2024-10-31,0.81,0.75,tech_cycle,0.06000000000000005,0.06000000000000005,2024,10,4,1,8.000000000000007,sideways,0.05530649339988525,0.23436392033529072,17.165468707680702,-0.2959764451917326,0.0013286713286713376,-0.0007272727272727279,0.0,0.0,-0.005104895104895099,0.0944055944055944,12,5,0.9443571,1
DE,2024-10-31,4.55,3.89,economically_cyclical,0.6599999999999997,0.6599999999999997,2024,10,4,1,16.966580976863746,sideways,0.05530649339988525,0.23436392033529072,17.165468707680702,-0.2959764451917326,-0.033208791208791284,0.006483516483516477,1.0,-0.07000000000000028,-0.09608791208791209,0.02857142857142857,14,2,0.4322311,0
AMAT,2024-10-31,2.32,2.18,tech_cycle,0.13999999999999968,0.13999999999999968,2024,10,4,1,6.422018348623839,sideways,0.05530649339988525,0.23436392033529072,17.165468707680702,-0.2959764451917326,0.0011538461538461487,-0.0006293706293706269,0.0,0.0,-0.010714285714285699,0.03296703296703297,13,5,0.9395554,1
LOW,2024-10-31,2.89,2.82,economically_cyclical,0.07000000000000028,0.07000000000000028,2024,10,4,1,2.4822695035461093,sideways,0.05530649339988525,0.23436392033529072,17.165468707680702,-0.2959764451917326,-0.00368131868131871,0.0015384615384615554,1.0,-0.009999999999999787,-0.02934065934065936,0.0,13,2,0.3844354,0
WMT,2024-10-31,0.58,0.53,defensive_baseline,0.04999999999999993,0.04999999999999993,2024,10,4,1,9.43396226415093,sideways,0.05530649339988525,0.23436392033529072,17.165468707680702,-0.2959764451917326,-3.904080965714836e-18,0.0,0.0,0.0,-0.0003296703296703265,0.13406593406593406,14,1,0.5992381,1
HD,2024-10-31,3.78,3.64,economically_cyclical,0.13999999999999968,0.13999999999999968,2024,10,4,1,3.8461538461538374,sideways,0.05530649339988525,0.23436392033529072,17.165468707680702,-0.2959764451917326,-0.000989010989011007,0.0019230769230769162,1.0,0.009999999999999787,0.006263736263736262,-0.005494505494505495,13,2,0.41512838,0
AVGO,2024-10-31,1.42,1.39,tech_cycle,0.030000000000000027,0.030000000000000027,2024,10,4,1,2.158273381294966,sideways,0.05530649339988525,0.23436392033529072,17.165468707680702,-0.2959764451917326,0.0016483516483516484,-0.00038461538461537887,1.0,0.0,-0.005736263736263741,0.10989010989010989,14,5,0.86181575,1
NKE,2024-11-30,0.78,0.63,economically_cyclical,0.15000000000000002,0.15000000000000002,2024,11,4,1,23.809523809523814,bull,0.020676844474530887,-0.18148555260861504,17.41734381020069,-0.2512759754633224,-0.00572727272727273,0.002060606060606058,0.0,-0.030000000000000027,-0.021727272727272727,-0.15454545454545454,11,2,0.40801156,0
COST,2024-11-30,3.82,3.79,defensive_baseline,0.029999999999999805,0.029999999999999805,2024,11,4,1,0.7915567282321848,bull,0.020676844474530887,-0.18148555260861504,17.41734381020069,-0.2512759754633224,-0.0038181818181817367,0.0030909090909090895,2.0,-0.020000000000000018,0.007363636363636368,0.13636363636363635,11,1,0.30468717,0
MU,2024-11-30,1.79,1.75,tech_cycle,0.040000000000000036,0.040000000000000036,2024,11,4,1,2.285714285714288,bull,0.020676844474530887,-0.18148555260861504,17.41734381020069,-0.2512759754633224,0.005769230769230764,-0.006818181818181814,0.0,0.0,-0.010000000000000002,0.0,12,5,0.93087864,1
GILD,2024-12-31,1.9,1.67,regulatory_idiosyncratic,0.22999999999999998,0.22999999999999998,2024,12,4,1,13.77245508982036,sideways,0.020676844474530887,-0.18148555260861504,17.41734381020069,-0.2512759754633224,0.002879120879120837,-0.0020329670329670277,2.0,-0.010000000000000009,-0.006000000000000012,-0.07032967032967033,14,4,0.8219507,1
BMY,2024-12-31,1.67,1.46,regulatory_idiosyncratic,0.20999999999999996,0.20999999999999996,2024,12,4,1,14.383561643835616,sideways,0.020676844474530887,-0.18148555260861504,17.41734381020069,-0.2512759754633224,-0.0038461538461538464,0.0014285714285714299,0.0,-0.020000000000000018,-0.0010109890109890095,0.0,14,4,0.58692956,1
EOG,2024-12-31,2.74,2.55,commodity_driven,0.1900000000000004,0.1900000000000004,2024,12,4,1,7.450980392156878,sideways,0.020676844474530887,-0.18148555260861504,17.41734381020069,-0.2512759754633224,-0.004558823529411757,0.004714285714285715,4.0,0.020000000000000018,-0.019705882352941167,0.06911764705882353,16,0,0.50245136,1
CVX,2024-12-31,2.06,2.19,commodity_driven,-0.1299999999999999,-0.1299999999999999,2024,12,4,0,-5.9360730593607265,sideways,0.020676844474530887,-0.18148555260861504,17.41734381020069,-0.2512759754633224,-0.03725274725274722,0.0029720279720279693,2.0,-0.33000000000000007,-0.08686813186813182,0.26373626373626374,13,0,0.5120216,1
C,2024-12-31,1.34,1.25,macro_rate_sensitive,0.09000000000000008,0.09000000000000008,2024,12,4,1,7.200000000000006,sideways,0.020676844474530887,-0.18148555260861504,17.41734381020069,-0.2512759754633224,0.002197802197802229,0.0021678321678321698,3.0,0.050000000000000044,-0.009615384615384606,-0.03296703296703297,13,3,0.46495512,0
JPM,2024-12-31,4.81,4.03,macro_rate_sensitive,0.7799999999999994,0.7799999999999994,2024,12,4,1,19.354838709677402,sideways,0.020676844474530887,-0.18148555260861504,17.41734381020069,-0.2512759754633224,0.0108791208791209,0.004010989010988994,2.0,0.20999999999999952,0.024571428571428543,0.02857142857142857,14,3,0.94982,1
LRCX,2024-12-31,0.91,0.87,tech_cycle,0.040000000000000036,0.040000000000000036,2024,12,4,1,4.5977011494252915,sideways,0.020676844474530887,-0.18148555260861504,17.41734381020069,-0.2512759754633224,0.0002857142857142874,-0.00032967032967032994,0.0,0.0,-0.002175824175824177,0.02857142857142857,14,5,0.7687545,1
LLY,2024-12-31,5.32,5.03,regulatory_idiosyncratic,0.29000000000000004,0.29000000000000004,2024,12,4,1,5.7654075546719685,sideways,0.020676844474530887,-0.18148555260861504,17.41734381020069,-0.2512759754633224,-0.023120879120879238,-0.007362637362637357,2.0,-0.33999999999999986,0.04731868131868131,0.0,14,4,0.3057694,0
SO,2024-12-31,0.5,0.51,defensive_baseline,-0.010000000000000009,-0.010000000000000009,2024,12,4,0,-1.960784313725492,sideways,0.020676844474530887,-0.18148555260861504,17.41734381020069,-0.2512759754633224,-0.003470588235294117,0.000428571428571427,2.0,-0.010000000000000009,-0.003397058823529406,0.14558823529411766,16,1,0.41410795,0
KMB,2024-12-31,1.5,1.5,defensive_baseline,0.0,0.0,2024,12,4,0,0.0,sideways,0.020676844474530887,-0.18148555260861504,17.41734381020069,-0.2512759754633224,-0.0009670329670329464,0.0007142857142857149,3.0,0.010000000000000009,-0.0060439560439560485,0.0,14,1,0.6823184,1
LIN,2024-12-31,3.97,3.93,commodity_driven,0.040000000000000036,0.040000000000000036,2024,12,4,1,1.0178117048346065,sideways,0.020676844474530887,-0.18148555260861504,17.41734381020069,-0.2512759754633224,-0.0032967032967032655,0.0027472527472527618,0.0,-0.009999999999999787,0.003340659340659354,0.0,14,0,0.22797579,0
CVS,2024-12-31,1.19,0.89,regulatory_idiosyncratic,0.29999999999999993,0.29999999999999993,2024,12,4,1,33.70786516853932,sideways,0.020676844474530887,-0.18148555260861504,17.41734381020069,-0.2512759754633224,-0.03582417582417583,0.007197802197802195,0.0,-0.16000000000000003,-0.011846153846153827,0.02857142857142857,14,4,0.5790071,1
WFC,2024-12-31,1.42,1.34,macro_rate_sensitive,0.07999999999999985,0.07999999999999985,2024,12,4,1,5.970149253731331,sideways,0.020676844474530887,-0.18148555260861504,17.41734381020069,-0.2512759754633224,0.003890109890109893,-0.0007692307692307699,0.0,0.020000000000000018,-0.0024395604395604457,0.0,14,3,0.85898006,1
KLAC,2024-12-31,8.2,7.73,tech_cycle,0.46999999999999886,0.46999999999999886,2024,12,4,1,6.080206985769713,sideways,0.020676844474530887,-0.18148555260861504,17.41734381020069,-0.2512759754633224,-0.010274725274725182,-0.000804195804195815,1.0,-0.09999999999999964,0.0011538461538460804,0.0,13,5,0.76075846,1
CAT,2024-12-31,5.14,4.97,economically_cyclical,0.16999999999999993,0.16999999999999993,2024,12,4,1,3.420523138832997,sideways,0.020676844474530887,-0.18148555260861504,17.41734381020069,-0.2512759754633224,0.0002197802197802151,-0.0022377622377622586,3.0,-0.03000000000000025,0.013516483516483522,0.03296703296703297,13,2,0.45999143,0
KO,2024-12-31,0.55,0.51,defensive_baseline,0.040000000000000036,0.040000000000000036,2024,12,4,1,7.843137254901968,sideways,0.020676844474530887,-0.18148555260861504,17.41734381020069,-0.2512759754633224,-0.0005735294117647067,-0.00017857142857142873,0.0,-0.010000000000000009,-0.0009852941176470597,0.10294117647058823,16,1,0.4139987,0
SLB,2024-12-31,0.92,0.9,commodity_driven,0.020000000000000018,0.020000000000000018,2024,12,4,1,2.222222222222224,sideways,0.020676844474530887,-0.18148555260861504,17.41734381020069,-0.2512759754633224,-0.00197802197802197,0.0015384615384615356,0.0,-0.010000000000000009,-0.0013186813186813193,0.054945054945054944,13,0,0.30783677,0
DUK,2024-12-31,1.66,1.61,defensive_baseline,0.04999999999999982,0.04999999999999982,2024,12,4,1,3.1055900621117902,sideways,0.020676844474530887,-0.18148555260861504,17.41734381020069,-0.2512759754633224,-0.003868131868131848,-0.002087912087912085,1.0,-0.07999999999999985,0.009648351648351655,0.15164835164835164,14,1,0.15442741,0
VLO,2024-12-31,0.64,0.13,commodity_driven,0.51,0.51,2024,12,4,1,392.30769230769226,sideways,0.020676844474530887,-0.18148555260861504,17.41734381020069,-0.2512759754633224,-0.08210989010989013,0.010164835164835162,2.0,-0.63,-0.11263736263736267,0.02857142857142857,14,0,0.2782984,0
INTC,2024-12-31,0.13,0.12,tech_cycle,0.010000000000000009,0.010000000000000009,2024,12,4,1,8.333333333333341,sideways,0.020676844474530887,-0.18148555260861504,17.41734381020069,-0.2512759754633224,-0.0006593406593406593,-0.0002097902097902092,2.0,0.0,-0.004285714285714285,0.04945054945054945,13,5,0.8079569,1
SCHW,2024-12-31,1.01,0.9,macro_rate_sensitive,0.10999999999999999,0.10999999999999999,2024,12,4,1,12.22222222222222,sideways,0.020676844474530887,-0.18148555260861504,17.41734381020069,-0.2512759754633224,0.0016923076923076835,0.00043956043956043994,0.0,0.020000000000000018,-0.001054945054945054,0.05274725274725275,14,3,0.50668794,1
CL,2024-12-31,0.91,0.89,defensive_baseline,0.020000000000000018,0.020000000000000018,2024,12,4,1,2.247191011235957,sideways,0.020676844474530887,-0.18148555260861504,17.41734381020069,-0.2512759754633224,-0.0005714285714285631,0.0,0.0,-0.010000000000000009,0.0008131868131868139,0.05714285714285714,14,1,0.41462415,0
HON,2024-12-31,2.47,2.31,economically_cyclical,0.16000000000000014,0.16000000000000014,2024,12,4,1,6.926406926406932,sideways,0.020676844474530887,-0.18148555260861504,17.41734381020069,-0.2512759754633224,-0.041107142857142835,0.001098901098901102,2.0,-0.17999999999999972,0.017035714285714286,0.007142857142857143,15,2,0.22497523,0
COP,2024-12-31,1.98,1.9,commodity_driven,0.08000000000000007,0.08000000000000007,2024,12,4,1,4.210526315789478,sideways,0.020676844474530887,-0.18148555260861504,17.41734381020069,-0.2512759754633224,-0.004769230769230757,0.00346153846153846,3.0,0.039999999999999813,-0.0226813186813187,0.1076923076923077,14,0,0.7485803,1
GS,2024-12-31,11.95,8.07,macro_rate_sensitive,3.879999999999999,3.879999999999999,2024,12,4,1,48.079306071871116,sideways,0.020676844474530887,-0.18148555260861504,17.41734381020069,-0.2512759754633224,0.0034615384615384365,0.0020629370629370748,2.0,0.0600000000000005,-0.00351648351648351,0.0,13,3,0.31553912,0
JNJ,2024-12-31,2.04,2.0,regulatory_idiosyncratic,0.040000000000000036,0.040000000000000036,2024,12,4,1,2.0000000000000018,sideways,0.020676844474530887,-0.18148555260861504,17.41734381020069,-0.2512759754633224,-0.003054945054945056,0.0012087912087912025,1.0,0.019999999999999796,-0.019362637362637367,0.1054945054945055,14,4,0.9554554,1
SBUX,2024-12-31,0.69,0.66,economically_cyclical,0.029999999999999916,0.029999999999999916,2024,12,4,1,4.5454545454545325,sideways,0.020676844474530887,-0.18148555260861504,17.41734381020069,-0.2512759754633224,-0.002912087912087899,0.0007342657342657307,0.0,-0.020000000000000018,-0.0034615384615384586,0.0,13,2,0.4620678,0
TMO,2024-12-31,6.1,5.93,regulatory_idiosyncratic,0.16999999999999993,0.16999999999999993,2024,12,4,1,2.866779089376053,sideways,0.020676844474530887,-0.18148555260861504,17.41734381020069,-0.2512759754633224,-0.00010989010989019734,0.0007142857142856991,1.0,0.019999999999999574,-0.00048351648351638147,0.0,14,4,0.81034243,1
NEM,2024-12-31,1.4,0.95,commodity_driven,0.44999999999999996,0.44999999999999996,2024,12,4,1,47.368421052631575,sideways,0.020676844474530887,-0.18148555260861504,17.41734381020069,-0.2512759754633224,-0.0077696078431372636,0.0008529411764705885,3.0,-0.020000000000000018,0.0014950980392156937,0.12009803921568628,17,0,0.2809414,0
AMT,2024-12-31,2.32,2.33,macro_rate_sensitive,-0.010000000000000231,-0.010000000000000231,2024,12,4,0,-0.42918454935623307,sideways,0.020676844474530887,-0.18148555260861504,17.41734381020069,-0.2512759754633224,-0.005098039215686262,0.000750000000000001,2.0,-0.020000000000000018,-0.009975490196078423,-0.0024509803921568627,17,3,0.65378803,1
TSM,2024-12-31,2.24,2.16,tech_cycle,0.08000000000000007,0.08000000000000007,2024,12,4,1,3.703703703703707,sideways,0.020676844474530887,-0.18148555260861504,17.41734381020069,-0.2512759754633224,0.02335164835164839,-0.005734265734265736,0.0,0.07000000000000028,-0.0076923076923076945,0.03296703296703297,13,5,0.96656466,1
QCOM,2024-12-31,3.41,2.93,tech_cycle,0.48,0.48,2024,12,4,1,16.38225255972696,sideways,0.020676844474530887,-0.18148555260861504,17.41734381020069,-0.2512759754633224,0.001373626373626315,-0.001468531468531459,2.0,0.010000000000000231,0.003846153846153808,-0.06043956043956044,13,5,0.8613793,1
MCD,2024-12-31,2.83,2.83,economically_cyclical,0.0,0.0,2024,12,4,0,0.0,sideways,0.020676844474530887,-0.18148555260861504,17.41734381020069,-0.2512759754633224,-0.004214285714285789,0.0005494505494505504,1.0,-0.020000000000000018,0.01217857142857145,-0.025,15,2,0.375015,0
AMGN,2024-12-31,5.31,5.03,regulatory_idiosyncratic,0.27999999999999936,0.27999999999999936,2024,12,4,1,5.566600397614301,sideways,0.020676844474530887,-0.18148555260861504,17.41734381020069,-0.2512759754633224,0.02984615384615378,-0.012032967032967011,5.0,0.0600000000000005,-0.3818901098901099,-0.024175824175824177,14,4,0.7476839,1
OXY,2024-12-31,0.8,0.67,commodity_driven,0.13,0.13,2024,12,4,1,19.402985074626866,sideways,0.020676844474530887,-0.18148555260861504,17.41734381020069,-0.2512759754633224,0.0002417582417582483,0.002307692307692306,3.0,0.030000000000000027,-0.019736263736263734,0.1054945054945055,14,0,0.5994263,1
AMD,2024-12-31,1.09,1.07,tech_cycle,0.020000000000000018,0.020000000000000018,2024,12,4,1,1.8691588785046744,sideways,0.020676844474530887,-0.18148555260861504,17.41734381020069,-0.2512759754633224,-0.0013626373626373532,0.0008241758241758243,2.0,0.0,-0.0011208791208791224,-0.01098901098901099,14,5,0.5406974,1
PEP,2024-12-31,1.96,1.95,defensive_baseline,0.010000000000000009,0.010000000000000009,2024,12,4,1,0.5128205128205132,sideways,0.020676844474530887,-0.18148555260861504,17.41734381020069,-0.2512759754633224,-0.00044117647058823894,8.823529411764713e-05,1.0,0.0,0.001544117647058825,0.06372549019607843,17,1,0.39423275,0
PFE,2024-12-31,0.63,0.48,regulatory_idiosyncratic,0.15000000000000002,0.15000000000000002,2024,12,4,1,31.250000000000007,sideways,0.020676844474530887,-0.18148555260861504,17.41734381020069,-0.2512759754633224,-0.003538461538461537,0.0007692307692307699,2.0,-0.010000000000000009,0.003010989010989015,0.1076923076923077,14,4,0.73997754,1
AEP,2024-12-31,1.24,1.24,defensive_baseline,0.0,0.0,2024,12,4,0,0.0,sideways,0.020676844474530887,-0.18148555260861504,17.41734381020069,-0.2512759754633224,-0.0034065934065934003,0.0006043956043956049,0.0,-0.010000000000000009,-0.0029670329670329703,-0.026373626373626374,14,1,0.4374448,0
PG,2024-12-31,1.88,1.86,defensive_baseline,0.019999999999999796,0.019999999999999796,2024,12,4,1,1.0752688172042901,sideways,0.020676844474530887,-0.18148555260861504,17.41734381020069,-0.2512759754633224,-0.0037802197802197933,0.001043956043956051,0.0,-0.029999999999999805,-0.0019120879120879202,0.08571428571428572,14,1,0.25273338,0
PLD,2024-12-31,1.5,1.38,macro_rate_sensitive,0.1200000000000001,0.1200000000000001,2024,12,4,1,8.695652173913052,sideways,0.020676844474530887,-0.18148555260861504,17.41734381020069,-0.2512759754633224,-0.0018681318681318712,0.00054945054945055,0.0,-0.010000000000000009,-0.0031648351648351676,0.02857142857142857,14,3,0.5796741,1
XOM,2024-12-31,1.67,1.55,commodity_driven,0.11999999999999988,0.11999999999999988,2024,12,4,1,7.74193548387096,sideways,0.020676844474530887,-0.18148555260861504,17.41734381020069,-0.2512759754633224,-0.01747252747252751,-0.0009440559440559379,4.0,-0.18999999999999995,-0.002142857142857125,0.17582417582417584,13,0,0.52436423,1
ABT,2024-12-31,1.34,1.34,regulatory_idiosyncratic,0.0,0.0,2024,12,4,0,0.0,sideways,0.020676844474530887,-0.18148555260861504,17.41734381020069,-0.2512759754633224,1.5616323862859345e-17,0.0,0.0,0.0,-0.0005714285714285719,0.0,14,4,0.8073269,1
PSX,2024-12-31,-0.15,-0.2,commodity_driven,0.05000000000000002,0.05000000000000002,2024,12,4,1,25.000000000000007,sideways,0.020676844474530887,-0.18148555260861504,17.41734381020069,-0.2512759754633224,-0.09054945054945056,-0.008916083916083915,0.0,-0.93,0.03637362637362638,0.13186813186813187,13,0,0.6594421,1
ABBV,2024-12-31,2.16,2.13,regulatory_idiosyncratic,0.03000000000000025,0.03000000000000025,2024,12,4,1,1.408450704225364,sideways,0.020676844474530887,-0.18148555260861504,17.41734381020069,-0.2512759754633224,-0.036868131868131836,-0.03265734265734267,0.0,-0.9000000000000004,0.03763736263736263,-0.2802197802197802,13,4,0.6153841,1
PNC,2024-12-31,3.77,3.3,macro_rate_sensitive,0.4700000000000002,0.4700000000000002,2024,12,4,1,14.242424242424248,sideways,0.020676844474530887,-0.18148555260861504,17.41734381020069,-0.2512759754633224,0.005494505494505475,-0.00045454545454546506,0.0,0.029999999999999805,0.015384615384615398,0.0,13,3,0.85755014,1
TXN,2024-12-31,1.3,1.19,tech_cycle,0.1100000000000001,0.1100000000000001,2024,12,4,1,9.243697478991605,sideways,0.020676844474530887,-0.18148555260861504,17.41734381020069,-0.2512759754633224,-0.0012087912087912172,0.0006293706293706299,0.0,0.0,-0.007857142857142865,-0.06043956043956044,13,5,0.76826465,1
UNH,2024-12-31,6.81,6.71,regulatory_idiosyncratic,0.09999999999999964,0.09999999999999964,2024,12,4,1,1.4903129657227965,sideways,0.020676844474530887,-0.18148555260861504,17.41734381020069,-0.2512759754633224,-0.0032417582417581434,-0.00010489510489513682,0.0,-0.020000000000000462,0.0026373626373626786,0.0,13,4,0.69259727,1
PSA,2024-12-31,4.21,4.23,macro_rate_sensitive,-0.020000000000000462,-0.020000000000000462,2024,12,4,0,-0.4728132387706964,sideways,0.020676844474530887,-0.18148555260861504,17.41734381020069,-0.2512759754633224,0.0007352941176470867,-1.470588235294217e-05,2.0,0.0,-0.005808823529411791,0.03676470588235294,17,3,0.73990047,1
NEE,2024-12-31,0.53,0.51,defensive_baseline,0.020000000000000018,0.020000000000000018,2024,12,4,1,3.921568627450984,sideways,0.020676844474530887,-0.18148555260861504,17.41734381020069,-0.2512759754633224,-0.004560439560439583,0.0,0.0,-0.040000000000000036,-0.0019230769230769193,0.0,13,1,0.50479215,1
AMZN,2024-12-31,1.86,1.52,economically_cyclical,0.3400000000000001,0.3400000000000001,2024,12,4,1,22.368421052631586,sideways,0.020676844474530887,-0.18148555260861504,17.41734381020069,-0.2512759754633224,0.005780219780219786,-0.002362637362637365,1.0,0.020000000000000018,0.0027912087912087824,0.046153846153846156,14,2,0.68313223,1
GE,2024-12-31,1.32,1.03,economically_cyclical,0.29000000000000004,0.29000000000000004,2024,12,4,1,28.155339805825246,sideways,0.020676844474530887,-0.18148555260861504,17.41734381020069,-0.2512759754633224,0.0022527472527472583,-0.001293706293706295,3.0,-0.010000000000000009,-0.0014285714285714286,0.0,13,2,0.4923338,0
MRK,2024-12-31,1.72,1.69,regulatory_idiosyncratic,0.030000000000000027,0.030000000000000027,2024,12,4,1,1.7751479289940846,sideways,0.020676844474530887,-0.18148555260861504,17.41734381020069,-0.2512759754633224,-0.015098901098901085,-0.0017032967032967097,1.0,-0.16000000000000014,-0.006945054945054941,-0.04835164835164835,14,4,0.7643963,1
MMM,2024-12-31,1.68,1.66,economically_cyclical,0.020000000000000018,0.020000000000000018,2024,12,4,1,1.204819277108435,sideways,0.020676844474530887,-0.18148555260861504,17.41734381020069,-0.2512759754633224,-0.0014285714285713885,0.0006643356643356649,1.0,0.0,0.005219780219780199,0.0,13,2,0.32962677,0
BAC,2024-12-31,0.82,0.77,macro_rate_sensitive,0.04999999999999993,0.04999999999999993,2024,12,4,1,6.493506493506485,sideways,0.020676844474530887,-0.18148555260861504,17.41734381020069,-0.2512759754633224,-0.002527472527472542,-0.000174825174825175,0.0,-0.020000000000000018,-0.0023076923076923044,-0.03296703296703297,13,3,0.707259,1
APD,2024-12-31,2.86,2.86,commodity_driven,0.0,0.0,2024,12,4,0,0.0,sideways,0.020676844474530887,-0.18148555260861504,17.41734381020069,-0.2512759754633224,-0.012417582417582465,0.016713286713286712,1.0,0.020000000000000018,-0.0069230769230769216,0.06593406593406594,13,0,0.6669746,1
MS,2024-12-31,2.22,1.65,macro_rate_sensitive,0.5700000000000003,0.5700000000000003,2024,12,4,1,34.54545454545456,sideways,0.020676844474530887,-0.18148555260861504,17.41734381020069,-0.2512759754633224,0.006043956043956071,0.0013986013986014,0.0,0.08000000000000007,0.00032967032967033607,0.0,13,3,0.7730917,1
USB,2024-12-31,1.07,1.06,macro_rate_sensitive,0.010000000000000009,0.010000000000000009,2024,12,4,1,0.9433962264150951,sideways,0.020676844474530887,-0.18148555260861504,17.41734381020069,-0.2512759754633224,1.4640303621430636e-17,0.0,0.0,0.0,-0.0028021978021978045,0.0,13,3,0.8482501,1
ASML,2024-12-31,7.3,7.18,tech_cycle,0.1200000000000001,0.1200000000000001,2024,12,4,1,1.6713091922005585,sideways,0.020676844474530887,-0.18148555260861504,17.41734381020069,-0.2512759754633224,-0.006607142857142913,0.001142857142857132,2.0,-0.020000000000000462,0.019214285714285677,0.025,15,5,0.6794222,1
MPC,2024-12-31,0.77,0.06,commodity_driven,0.71,0.71,2024,12,4,1,1183.3333333333335,sideways,0.020676844474530887,-0.18148555260861504,17.41734381020069,-0.2512759754633224,-0.05137362637362638,-0.00045454545454545417,4.0,-0.54,0.04906593406593406,0.14835164835164835,13,0,0.23903984,0
MO,2024-12-31,1.29,1.27,defensive_baseline,0.020000000000000018,0.020000000000000018,2024,12,4,1,1.5748031496063006,sideways,0.020676844474530887,-0.18148555260861504,17.41734381020069,-0.2512759754633224,-5.4945054945044015e-05,-0.0004545454545454549,1.0,-0.010000000000000009,-0.001043956043956045,0.06043956043956044,13,1,0.4080405,0
BA,2024-12-31,-5.9,-3.22,economically_cyclical,-2.68,-2.68,2024,12,4,0,-83.22981366459628,sideways,0.020676844474530887,-0.18148555260861504,17.41734381020069,-0.2512759754633224,-0.015406593406593425,0.0029670329670329672,6.0,-0.1200000000000001,-0.012923076923076968,0.2,14,2,0.25534067,0
NVDA,2025-01-31,0.89,0.84,tech_cycle,0.050000000000000044,0.050000000000000044,2025,1,1,1,5.952380952380958,bull,0.020676844474530887,-0.18148555260861504,17.41734381020069,-0.2512759754633224,0.0012747252747252788,-0.0002197802197802206,2.0,0.0,-0.007054945054945051,0.002197802197802198,14,5,0.5439027,1
AVGO,2025-01-31,1.6,1.5,tech_cycle,0.10000000000000009,0.10000000000000009,2025,1,1,1,6.666666666666672,bull,0.020676844474530887,-0.18148555260861504,17.41734381020069,-0.2512759754633224,0.005944055944055954,-0.000181818181818184,2.0,0.22999999999999998,-0.007832167832167839,0.0944055944055944,12,5,0.9278585,1
AMAT,2025-01-31,2.38,2.28,tech_cycle,0.10000000000000009,0.10000000000000009,2025,1,1,1,4.3859649122807065,bull,0.020676844474530887,-0.18148555260861504,17.41734381020069,-0.2512759754633224,-0.002472527472527449,6.993006993006688e-05,1.0,-0.03000000000000025,-0.01593406593406594,0.0,13,5,0.6890754,1
LOW,2025-01-31,1.93,1.83,economically_cyclical,0.09999999999999987,0.09999999999999987,2025,1,1,1,5.464480874316932,bull,0.020676844474530887,-0.18148555260861504,17.41734381020069,-0.2512759754633224,0.0006153846153845789,0.0006593406593406599,1.0,0.020000000000000018,0.007956043956043957,0.002197802197802198,14,2,0.36093906,0
WMT,2025-01-31,0.66,0.65,defensive_baseline,0.010000000000000009,0.010000000000000009,2025,1,1,1,1.5384615384615397,bull,0.020676844474530887,-0.18148555260861504,17.41734381020069,-0.2512759754633224,4.8801012071435456e-18,0.0,0.0,0.0,-0.00027472527472527863,0.06593406593406594,13,1,0.44351766,0
DE,2025-01-31,3.19,3.13,economically_cyclical,0.06000000000000005,0.06000000000000005,2025,1,1,1,1.9169329073482444,bull,0.020676844474530887,-0.18148555260861504,17.41734381020069,-0.2512759754633224,-0.037482517482517505,0.0330909090909091,1.0,-0.04999999999999982,-0.08178321678321683,0.03496503496503497,12,2,0.43099564,0
HD,2025-01-31,3.13,3.04,economically_cyclical,0.08999999999999986,0.08999999999999986,2025,1,1,1,2.960526315789469,bull,0.020676844474530887,-0.18148555260861504,17.41734381020069,-0.2512759754633224,0.005321428571428617,-6.593406593406453e-05,2.0,0.03000000000000025,0.03721428571428568,-0.05714285714285714,15,2,0.8333759,1
MU,2025-02-28,1.56,1.43,tech_cycle,0.13000000000000012,0.13000000000000012,2025,2,1,1,9.090909090909099,sideways,-0.04586820159231875,-0.9805904581644594,18.626333491007486,-0.03671563945482177,-0.011538461538461556,0.018356643356643356,1.0,0.0,-0.026483516483516486,0.02197802197802198,13,5,0.93534344,1
NKE,2025-02-28,0.54,0.28,economically_cyclical,0.26,0.26,2025,2,1,1,92.85714285714285,sideways,-0.04586820159231875,-0.9805904581644594,18.626333491007486,-0.03671563945482177,-0.01302197802197802,0.01041958041958042,0.0,-0.019999999999999962,-0.03439560439560441,-0.054945054945054944,13,2,0.53051466,1
COST,2025-02-28,4.02,4.09,defensive_baseline,-0.07000000000000028,-0.07000000000000028,2025,2,1,0,-1.711491442542794,sideways,-0.04586820159231875,-0.9805904581644594,18.626333491007486,-0.03671563945482177,0.007517482517482488,-0.002818181818181827,2.0,0.04999999999999982,0.002482517482517467,0.15034965034965034,12,1,0.8589001,1
SO,2025-03-31,1.23,1.2,defensive_baseline,0.030000000000000027,0.030000000000000027,2025,3,1,1,2.500000000000002,bull,-0.04586820159231875,-0.9805904581644594,18.626333491007486,-0.03671563945482177,0.008363636363636335,-0.0011666666666666603,0.0,0.06999999999999984,0.0012727272727272726,0.2,10,1,0.90385365,1
BAC,2025-03-31,0.9,0.81,macro_rate_sensitive,0.08999999999999997,0.08999999999999997,2025,3,1,1,11.111111111111107,bull,-0.04586820159231875,-0.9805904581644594,18.626333491007486,-0.03671563945482177,-0.0023076923076922927,0.0012237762237762221,1.0,0.0,0.0010989010989011004,0.03296703296703297,13,3,0.5303615,1
TMO,2025-03-31,5.15,5.1,regulatory_idiosyncratic,0.05000000000000071,0.05000000000000071,2025,3,1,1,0.9803921568627592,bull,-0.04586820159231875,-0.9805904581644594,18.626333491007486,-0.03671563945482177,-0.003741258741258643,0.0015454545454545207,0.0,-0.010000000000000675,-0.01513986013986009,0.06993006993006994,12,4,0.8118162,1
EOG,2025-03-31,2.87,2.74,commodity_driven,0.1299999999999999,0.1299999999999999,2025,3,1,1,4.744525547445251,bull,-0.04586820159231875,-0.9805904581644594,18.626333491007486,-0.03671563945482177,-0.01690476190476184,0.0007142857142857466,3.0,-0.08999999999999986,-0.05000000000000003,0.35714285714285715,8,0,0.4576318,0
CL,2025-03-31,0.91,0.86,defensive_baseline,0.050000000000000044,0.050000000000000044,2025,3,1,1,5.813953488372099,bull,-0.04586820159231875,-0.9805904581644594,18.626333491007486,-0.03671563945482177,-0.002552447552447554,-0.0008181818181818189,0.0,-0.030000000000000027,0.0023076923076923205,0.11538461538461539,12,1,0.6186635,1
AMT,2025-03-31,2.75,2.6,macro_rate_sensitive,0.1499999999999999,0.1499999999999999,2025,3,1,1,5.769230769230766,bull,-0.04586820159231875,-0.9805904581644594,18.626333491007486,-0.03671563945482177,-0.0030000000000000248,0.017142857142857144,1.0,0.020000000000000018,0.03416666666666664,0.03333333333333333,9,3,0.8302985,1
COP,2025-03-31,2.09,2.06,commodity_driven,0.029999999999999805,0.029999999999999805,2025,3,1,1,1.456310679611641,bull,-0.04586820159231875,-0.9805904581644594,18.626333491007486,-0.03671563945482177,-0.0050549450549451135,0.0015384615384615337,4.0,-0.020000000000000018,-0.05956043956043956,0.07692307692307693,13,0,0.3387278,0
ABBV,2025-03-31,2.46,2.39,regulatory_idiosyncratic,0.06999999999999984,0.06999999999999984,2025,3,1,1,2.9288702928870225,bull,-0.04586820159231875,-0.9805904581644594,18.626333491007486,-0.03671563945482177,-0.010594405594405647,0.004272727272727299,2.0,-0.05999999999999961,-0.008776223776223809,0.11888111888111888,12,4,0.6233581,1
BMY,2025-03-31,1.8,1.51,regulatory_idiosyncratic,0.29000000000000004,0.29000000000000004,2025,3,1,1,19.205298013245034,bull,-0.04586820159231875,-0.9805904581644594,18.626333491007486,-0.03671563945482177,-0.003636363636363583,0.004848484848484841,2.0,0.010000000000000009,-0.007909090909090912,0.21818181818181817,11,4,0.850767,1
XOM,2025-03-31,1.76,1.74,commodity_driven,0.020000000000000018,0.020000000000000018,2025,3,1,1,1.1494252873563229,bull,-0.04586820159231875,-0.9805904581644594,18.626333491007486,-0.03671563945482177,-0.0042857142857142825,0.00321678321678322,6.0,0.0,-0.01604395604395601,0.01098901098901099,13,0,0.31326035,0
CAT,2025-03-31,4.25,4.3,economically_cyclical,-0.04999999999999982,-0.04999999999999982,2025,3,1,0,-1.1627906976744147,bull,-0.04586820159231875,-0.9805904581644594,18.626333491007486,-0.03671563945482177,-0.03360139860139867,0.028272727272727234,2.0,-0.0600000000000005,-0.045209790209790233,0.1993006993006993,12,2,0.16001241,0
WFC,2025-03-31,1.27,1.23,macro_rate_sensitive,0.040000000000000036,0.040000000000000036,2025,3,1,1,3.2520325203252063,bull,-0.04586820159231875,-0.9805904581644594,18.626333491007486,-0.03671563945482177,-0.0006993006993006906,-0.00036363636363636394,0.0,-0.010000000000000009,0.00038461538461538575,0.0,12,3,0.67628175,1
ABT,2025-03-31,1.09,1.07,regulatory_idiosyncratic,0.020000000000000018,0.020000000000000018,2025,3,1,1,1.8691588785046744,bull,-0.04586820159231875,-0.9805904581644594,18.626333491007486,-0.03671563945482177,1.2422075800001751e-17,0.0,0.0,0.0,0.0,0.06993006993006994,12,4,0.7689622,1
DUK,2025-03-31,1.76,1.59,defensive_baseline,0.16999999999999993,0.16999999999999993,2025,3,1,1,10.691823899371064,bull,-0.04586820159231875,-0.9805904581644594,18.626333491007486,-0.03671563945482177,0.0018531468531468572,-0.0010000000000000009,1.0,0.0,-0.0004895104895104907,0.06993006993006994,12,1,0.49384567,0
APD,2025-03-31,2.69,2.84,commodity_driven,-0.1499999999999999,-0.1499999999999999,2025,3,1,0,-5.281690140845067,bull,-0.04586820159231875,-0.9805904581644594,18.626333491007486,-0.03671563945482177,-0.005769230769230764,0.006818181818181814,0.0,0.0,-0.011153846153846155,0.06993006993006994,12,0,0.5653874,1
BA,2025-03-31,-0.49,-1.54,economically_cyclical,1.05,1.05,2025,3,1,1,68.18181818181819,bull,-0.04586820159231875,-0.9805904581644594,18.626333491007486,-0.03671563945482177,-0.02493006993006992,0.005545454545454544,3.0,-0.030000000000000027,-0.1498951048951049,0.0,12,2,0.44100794,0
AMGN,2025-03-31,4.9,4.16,regulatory_idiosyncratic,0.7400000000000002,0.7400000000000002,2025,3,1,1,17.78846153846154,bull,-0.04586820159231875,-0.9805904581644594,18.626333491007486,-0.03671563945482177,-0.005209790209790117,0.0004545454545455014,2.0,-0.02999999999999936,-0.031468531468531444,0.0,12,4,0.78795666,1
CVS,2025-03-31,2.25,1.71,regulatory_idiosyncratic,0.54,0.54,2025,3,1,1,31.578947368421055,bull,-0.04586820159231875,-0.9805904581644594,18.626333491007486,-0.03671563945482177,0.012636363636363609,-0.0015151515151515232,0.0,0.11999999999999988,0.006363636363636366,0.09090909090909091,11,4,0.8630561,1
AEP,2025-03-31,1.54,1.39,defensive_baseline,0.15000000000000013,0.15000000000000013,2025,3,1,1,10.791366906474831,bull,-0.04586820159231875,-0.9805904581644594,18.626333491007486,-0.03671563945482177,0.027587412587412583,-0.022818181818181814,1.0,0.0,0.08674825174825175,0.19230769230769232,12,1,0.79227316,1
AMZN,2025-03-31,1.59,1.35,economically_cyclical,0.24,0.24,2025,3,1,1,17.777777777777775,bull,-0.04586820159231875,-0.9805904581644594,18.626333491007486,-0.03671563945482177,-0.002097902097902078,-0.0007272727272727219,0.0,-0.029999999999999805,0.006573426573426555,0.0,12,2,0.60035765,1
CVX,2025-03-31,2.18,2.15,commodity_driven,0.03000000000000025,0.03000000000000025,2025,3,1,1,1.395348837209314,bull,-0.04586820159231875,-0.9805904581644594,18.626333491007486,-0.03671563945482177,-0.01653846153846152,-0.0008741258741258834,2.0,-0.22999999999999998,-0.009395604395604395,-0.02197802197802198,13,0,0.63936067,1
AMD,2025-03-31,0.96,0.93,tech_cycle,0.029999999999999916,0.029999999999999916,2025,3,1,1,3.225806451612894,bull,-0.04586820159231875,-0.9805904581644594,18.626333491007486,-0.03671563945482177,-9.760202414287091e-18,0.0,0.0,0.0,0.00016483516483516497,0.0989010989010989,13,5,0.836466,1
C,2025-03-31,1.96,1.84,macro_rate_sensitive,0.11999999999999988,0.11999999999999988,2025,3,1,1,6.521739130434775,bull,-0.04586820159231875,-0.9805904581644594,18.626333491007486,-0.03671563945482177,0.003296703296703285,-0.0013636363636363633,1.0,0.0,-0.024120879120879124,-0.0989010989010989,13,3,0.84134275,1
ASML,2025-03-31,6.31,6.12,tech_cycle,0.1899999999999995,0.1899999999999995,2025,3,1,1,3.1045751633986844,bull,-0.04586820159231875,-0.9805904581644594,18.626333491007486,-0.03671563945482177,0.01318181818181824,0.0011515151515151915,1.0,0.10000000000000053,0.03954545454545455,0.045454545454545456,11,5,0.9109151,1
TSM,2025-03-31,2.12,2.03,tech_cycle,0.0900000000000003,0.0900000000000003,2025,3,1,1,4.433497536945828,bull,-0.04586820159231875,-0.9805904581644594,18.626333491007486,-0.03671563945482177,0.0010989010989010852,-0.0009090909090909037,1.0,-0.009999999999999787,0.0029120879120879207,0.15934065934065933,13,5,0.7731031,1
PSA,2025-03-31,4.12,4.06,macro_rate_sensitive,0.0600000000000005,0.0600000000000005,2025,3,1,1,1.4778325123152833,bull,-0.04586820159231875,-0.9805904581644594,18.626333491007486,-0.03671563945482177,-0.010666666666666736,0.0024999999999999784,0.0,-0.09000000000000075,-0.01050000000000011,0.13333333333333333,9,3,0.42646712,0
SBUX,2025-03-31,0.41,0.49,economically_cyclical,-0.08000000000000002,-0.08000000000000002,2025,3,1,0,-16.326530612244902,bull,-0.04586820159231875,-0.9805904581644594,18.626333491007486,-0.03671563945482177,-0.003131868131868141,-0.0004895104895104899,0.0,-0.030000000000000027,-0.000604395604395597,0.0,13,2,0.48539206,0
KLAC,2025-03-31,8.41,8.06,tech_cycle,0.34999999999999964,0.34999999999999964,2025,3,1,1,4.342431761786596,bull,-0.04586820159231875,-0.9805904581644594,18.626333491007486,-0.03671563945482177,0.007912087912087782,-0.010559440559440574,1.0,-0.009999999999999787,-0.0359340659340659,0.09340659340659341,13,5,0.98006964,1
PEP,2025-03-31,1.48,1.5,defensive_baseline,-0.020000000000000018,-0.020000000000000018,2025,3,1,0,-1.3333333333333344,bull,-0.04586820159231875,-0.9805904581644594,18.626333491007486,-0.03671563945482177,-0.007272727272727255,0.0021818181818181836,0.0,-0.030000000000000027,-0.0051818181818181685,0.0,11,1,0.36396903,0
OXY,2025-03-31,0.87,0.73,commodity_driven,0.14,0.14,2025,3,1,1,19.178082191780824,bull,-0.04586820159231875,-0.9805904581644594,18.626333491007486,-0.03671563945482177,-0.020090909090909093,0.005878787878787881,7.0,-0.17000000000000004,-0.04663636363636362,0.06363636363636363,11,0,0.5085028,1
KMB,2025-03-31,1.93,1.89,defensive_baseline,0.040000000000000036,0.040000000000000036,2025,3,1,1,2.1164021164021185,bull,-0.04586820159231875,-0.9805904581644594,18.626333491007486,-0.03671563945482177,-0.003181818181818195,-9.090909090909098e-05,0.0,-0.020000000000000018,-0.004300699300699306,0.0,12,1,0.70334077,1
SCHW,2025-03-31,1.04,1.0,macro_rate_sensitive,0.040000000000000036,0.040000000000000036,2025,3,1,1,4.0000000000000036,bull,-0.04586820159231875,-0.9805904581644594,18.626333491007486,-0.03671563945482177,0.0024475524475524573,0.00036363636363636394,0.0,0.020000000000000018,-0.0021328671328671215,0.11188811188811189,12,3,0.84315246,1
KO,2025-03-31,0.73,0.71,defensive_baseline,0.020000000000000018,0.020000000000000018,2025,3,1,1,2.8169014084507067,bull,-0.04586820159231875,-0.9805904581644594,18.626333491007486,-0.03671563945482177,-0.000818181818181825,-0.00042424242424242463,0.0,-0.010000000000000009,-0.0016363636363636378,0.0,11,1,0.80954427,1
LIN,2025-03-31,3.95,3.93,commodity_driven,0.020000000000000018,0.020000000000000018,2025,3,1,1,0.5089058524173032,bull,-0.04586820159231875,-0.9805904581644594,18.626333491007486,-0.03671563945482177,0.0003146853146853266,0.0017272727272727307,1.0,0.020000000000000018,-0.005314685314685304,0.06993006993006994,12,0,0.67281073,1
NEM,2025-03-31,1.25,0.84,commodity_driven,0.41000000000000003,0.41000000000000003,2025,3,1,1,48.80952380952381,bull,-0.04586820159231875,-0.9805904581644594,18.626333491007486,-0.03671563945482177,0.013333333333333324,0.01452380952380952,1.0,0.07999999999999996,-0.0014999999999999976,0.13333333333333333,9,0,0.8128987,1
QCOM,2025-03-31,2.85,2.83,tech_cycle,0.020000000000000018,0.020000000000000018,2025,3,1,1,0.7067137809187285,bull,-0.04586820159231875,-0.9805904581644594,18.626333491007486,-0.03671563945482177,0.004195804195804205,-0.0009090909090909018,0.0,0.029999999999999805,-0.0017832167832167918,-0.017482517482517484,12,5,0.952583,1
TXN,2025-03-31,1.28,1.06,tech_cycle,0.21999999999999997,0.21999999999999997,2025,3,1,1,20.75471698113207,bull,-0.04586820159231875,-0.9805904581644594,18.626333491007486,-0.03671563945482177,-0.0009340659340659288,0.0006993006993007,0.0,0.0,-0.004230769230769221,0.0,13,5,0.8354901,1
LLY,2025-03-31,3.34,3.52,regulatory_idiosyncratic,-0.18000000000000016,-0.18000000000000016,2025,3,1,0,-5.113636363636368,bull,-0.04586820159231875,-0.9805904581644594,18.626333491007486,-0.03671563945482177,-0.040909090909090944,-0.045454545454545456,2.0,-1.0100000000000002,0.007202797202797161,0.15034965034965034,12,4,0.23346503,0
NEE,2025-03-31,0.99,0.97,defensive_baseline,0.020000000000000018,0.020000000000000018,2025,3,1,1,2.061855670103095,bull,-0.04586820159231875,-0.9805904581644594,18.626333491007486,-0.03671563945482177,-0.0023076923076923122,0.0011538461538461548,0.0,-0.020000000000000018,-0.001318681318681326,0.06593406593406594,13,1,0.29327694,0
MCD,2025-03-31,2.67,2.64,economically_cyclical,0.029999999999999805,0.029999999999999805,2025,3,1,1,1.136363636363629,bull,-0.04586820159231875,-0.9805904581644594,18.626333491007486,-0.03671563945482177,-0.004000000000000011,-0.0012727272727272778,0.0,-0.040000000000000036,-0.004636363636363626,0.0,11,2,0.5354648,1
MMM,2025-03-31,1.88,1.77,economically_cyclical,0.10999999999999988,0.10999999999999988,2025,3,1,1,6.214689265536716,bull,-0.04586820159231875,-0.9805904581644594,18.626333491007486,-0.03671563945482177,0.0004945054945054937,0.0009090909090909098,1.0,0.010000000000000009,-0.0023076923076923096,0.0,13,2,0.6242548,1
MS,2025-03-31,2.6,2.23,macro_rate_sensitive,0.3700000000000001,0.3700000000000001,2025,3,1,1,16.591928251121082,bull,-0.04586820159231875,-0.9805904581644594,18.626333491007486,-0.03671563945482177,0.007587412587412556,-0.000818181818181825,5.0,0.029999999999999805,-0.0034615384615384686,0.03146853146853147,12,3,0.91287565,1
USB,2025-03-31,1.03,0.99,macro_rate_sensitive,0.040000000000000036,0.040000000000000036,2025,3,1,1,4.040404040404044,bull,-0.04586820159231875,-0.9805904581644594,18.626333491007486,-0.03671563945482177,0.000879120879120875,0.001013986013986015,1.0,0.020000000000000018,0.006868131868131861,0.03296703296703297,13,3,0.5000721,1
GE,2025-03-31,1.49,1.26,economically_cyclical,0.22999999999999998,0.22999999999999998,2025,3,1,1,18.253968253968253,bull,-0.04586820159231875,-0.9805904581644594,18.626333491007486,-0.03671563945482177,0.0034615384615384413,-0.007097902097902105,1.0,-0.030000000000000027,0.0038461538461538568,0.09340659340659341,13,2,0.30618405,0
MO,2025-03-31,1.23,1.17,defensive_baseline,0.06000000000000005,0.06000000000000005,2025,3,1,1,5.128205128205133,bull,-0.04586820159231875,-0.9805904581644594,18.626333491007486,-0.03671563945482177,-0.0012087912087911927,-6.993006993007e-05,2.0,-0.010000000000000009,0.004285714285714286,0.10989010989010989,13,1,0.67860276,1
MPC,2025-03-31,-0.24,-0.63,commodity_driven,0.39,0.39,2025,3,1,1,61.904761904761905,bull,-0.04586820159231875,-0.9805904581644594,18.626333491007486,-0.03671563945482177,-0.09862637362637364,0.005664335664335666,0.0,-0.85,-0.022032967032967043,0.12637362637362637,13,0,0.59893954,1
MRK,2025-03-31,2.22,2.15,regulatory_idiosyncratic,0.07000000000000028,0.07000000000000028,2025,3,1,1,3.2558139534883854,bull,-0.04586820159231875,-0.9805904581644594,18.626333491007486,-0.03671563945482177,-0.0010909090909090677,0.0003030303030302966,0.0,-0.009999999999999787,0.0,-0.01818181818181818,11,4,0.60615146,1
LRCX,2025-03-31,1.04,1.0,tech_cycle,0.040000000000000036,0.040000000000000036,2025,3,1,1,4.0000000000000036,bull,-0.04586820159231875,-0.9805904581644594,18.626333491007486,-0.03671563945482177,0.0017132867132867203,-0.001181818181818183,0.0,0.0,-0.01188811188811189,0.2727272727272727,12,5,0.9591283,1
JPM,2025-03-31,5.07,4.62,macro_rate_sensitive,0.4500000000000002,0.4500000000000002,2025,3,1,1,9.740259740259743,bull,-0.04586820159231875,-0.9805904581644594,18.626333491007486,-0.03671563945482177,0.012097902097902076,-0.0007272727272727279,2.0,0.08000000000000007,-0.011433566433566423,0.038461538461538464,12,3,0.93758744,1
VLO,2025-03-31,0.89,0.43,commodity_driven,0.46,0.46,2025,3,1,1,106.97674418604652,bull,-0.04586820159231875,-0.9805904581644594,18.626333491007486,-0.03671563945482177,0.04954545454545455,-0.028818181818181823,2.0,-0.26999999999999996,0.4261188811188811,0.055944055944055944,12,0,0.65520877,1
PSX,2025-03-31,-0.9,-0.77,commodity_driven,-0.13,-0.13,2025,3,1,0,-16.883116883116884,bull,-0.04586820159231875,-0.9805904581644594,18.626333491007486,-0.03671563945482177,0.0034965034965034917,0.039454545454545464,2.0,0.27,0.5637412587412588,0.10839160839160839,12,0,0.87246084,1
PFE,2025-03-31,0.92,0.64,regulatory_idiosyncratic,0.28,0.28,2025,3,1,1,43.75000000000001,bull,-0.04586820159231875,-0.9805904581644594,18.626333491007486,-0.03671563945482177,0.002377622377622389,-0.0020000000000000018,1.0,0.0,0.0002797202797202924,0.017482517482517484,12,4,0.74143517,1
JNJ,2025-03-31,2.77,2.57,regulatory_idiosyncratic,0.20000000000000018,0.20000000000000018,2025,3,1,1,7.782101167315182,bull,-0.04586820159231875,-0.9805904581644594,18.626333491007486,-0.03671563945482177,-0.001713286713286745,-0.0006363636363636309,0.0,-0.020000000000000018,0.0030069930069930285,0.0,12,4,0.8846235,1
PG,2025-03-31,1.54,1.54,defensive_baseline,0.0,0.0,2025,3,1,0,0.0,bull,-0.04586820159231875,-0.9805904581644594,18.626333491007486,-0.03671563945482177,-0.0027472527472527375,-0.0006643356643356649,0.0,-0.040000000000000036,0.0038461538461538568,-0.06043956043956044,13,1,0.4878336,0
INTC,2025-03-31,0.13,0.01,tech_cycle,0.12000000000000001,0.12000000000000001,2025,3,1,1,,bull,-0.04586820159231875,-0.9805904581644594,18.626333491007486,-0.03671563945482177,-0.0036363636363636364,0.004424242424242425,1.0,0.0,-0.006545454545454545,0.17272727272727273,11,5,0.8821034,1
SLB,2025-03-31,0.72,0.74,commodity_driven,-0.020000000000000018,-0.020000000000000018,2025,3,1,0,-2.7027027027027053,bull,-0.04586820159231875,-0.9805904581644594,18.626333491007486,-0.03671563945482177,0.001142857142857138,-0.0013186813186813198,0.0,0.0,-0.003714285714285711,0.2549450549450549,14,0,0.5501374,1
UNH,2025-03-31,7.2,7.27,regulatory_idiosyncratic,-0.0699999999999994,-0.0699999999999994,2025,3,1,0,-0.9628610729023301,bull,-0.04586820159231875,-0.9805904581644594,18.626333491007486,-0.03671563945482177,0.002142857142857107,0.0017482517482517172,1.0,0.02999999999999936,0.046153846153846156,0.03296703296703297,13,4,0.8556412,1
GILD,2025-03-31,1.81,1.82,regulatory_idiosyncratic,-0.010000000000000009,-0.010000000000000009,2025,3,1,0,-0.5494505494505499,bull,-0.04586820159231875,-0.9805904581644594,18.626333491007486,-0.03671563945482177,-0.00012121212121211863,0.000833333333333334,1.0,0.010000000000000009,0.0,-0.14545454545454545,10,4,0.8947514,1
GS,2025-03-31,14.12,12.71,macro_rate_sensitive,1.4099999999999984,1.4099999999999984,2025,3,1,1,11.093627065302899,bull,-0.04586820159231875,-0.9805904581644594,18.626333491007486,-0.03671563945482177,0.016923076923076756,-0.008111888111888088,3.0,0.07000000000000028,-0.19291208791208783,0.08241758241758242,13,3,0.8184779,1
PNC,2025-03-31,3.51,3.4,macro_rate_sensitive,0.10999999999999988,0.10999999999999988,2025,3,1,1,3.235294117647055,bull,-0.04586820159231875,-0.9805904581644594,18.626333491007486,-0.03671563945482177,-0.0035164835164835976,-0.002657342657342672,1.0,-0.07000000000000028,-0.012307692307692339,0.03296703296703297,13,3,0.5721815,1
PLD,2025-03-31,1.42,1.38,macro_rate_sensitive,0.040000000000000036,0.040000000000000036,2025,3,1,1,2.898550724637684,bull,-0.04586820159231875,-0.9805904581644594,18.626333491007486,-0.03671563945482177,0.0,0.0,0.0,0.0,0.0020979020979020996,0.06993006993006994,12,3,0.63955814,1
HON,2025-03-31,2.51,2.21,economically_cyclical,0.2999999999999998,0.2999999999999998,2025,3,1,1,13.574660633484156,bull,-0.04586820159231875,-0.9805904581644594,18.626333491007486,-0.03671563945482177,-0.011958041958041914,0.009636363636363637,1.0,0.0,-0.027657342657342647,0.16433566433566432,12,2,0.79017925,1
LOW,2025-04-30,2.92,2.88,economically_cyclical,0.040000000000000036,0.040000000000000036,2025,4,2,1,1.3888888888888902,sideways,-0.04586820159231875,-0.9805904581644594,18.626333491007486,-0.03671563945482177,-0.002482517482517423,0.0015454545454545489,0.0,0.0,-0.015000000000000003,0.04195804195804196,12,2,0.6434365,1
DE,2025-04-30,6.64,5.68,economically_cyclical,0.96,0.96,2025,4,2,1,16.901408450704224,sideways,-0.04586820159231875,-0.9805904581644594,18.626333491007486,-0.03671563945482177,-0.007692307692307763,-0.0020629370629370626,1.0,-0.0600000000000005,-0.024010989010989008,0.0,13,2,0.4153626,0
WMT,2025-04-30,0.61,0.57,defensive_baseline,0.040000000000000036,0.040000000000000036,2025,4,2,1,7.0175438596491295,sideways,-0.04586820159231875,-0.9805904581644594,18.626333491007486,-0.03671563945482177,-0.0016083916083916208,-0.0005454545454545459,0.0,-0.020000000000000018,0.0036713286713286612,0.09090909090909091,12,1,0.70779365,1
HD,2025-04-30,3.56,3.59,economically_cyclical,-0.029999999999999805,-0.029999999999999805,2025,4,2,0,-0.8356545961002733,sideways,-0.04586820159231875,-0.9805904581644594,18.626333491007486,-0.03671563945482177,0.0003846153846154075,0.00045454545454546506,0.0,0.010000000000000231,-0.009090909090909084,-0.10839160839160839,12,2,0.7617994,1
NVDA,2025-04-30,0.81,0.85,tech_cycle,-0.039999999999999925,-0.039999999999999925,2025,4,2,0,-4.705882352941168,sideways,-0.04586820159231875,-0.9805904581644594,18.626333491007486,-0.03671563945482177,-0.005139860139860154,-0.0008181818181818189,2.0,-0.050000000000000044,0.04087412587412588,0.0944055944055944,12,5,0.8411237,1
AVGO,2025-04-30,1.58,1.57,tech_cycle,0.010000000000000009,0.010000000000000009,2025,4,2,1,0.6369426751592362,sideways,-0.04586820159231875,-0.9805904581644594,18.626333491007486,-0.03671563945482177,0.003626373626373637,-0.0032517482517482547,0.0,0.0,-0.006923076923076929,0.06593406593406594,13,5,0.92130995,1
AMAT,2025-04-30,2.39,2.31,tech_cycle,0.08000000000000007,0.08000000000000007,2025,4,2,1,3.463203463203466,sideways,-0.04586820159231875,-0.9805904581644594,18.626333491007486,-0.03671563945482177,0.0003296703296703617,0.0009440559440559488,1.0,0.010000000000000231,0.0003296703296703226,0.13186813186813187,13,5,0.8055233,1
COST,2025-05-31,4.28,4.25,defensive_baseline,0.03000000000000025,0.03000000000000025,2025,5,2,1,0.7058823529411823,bull,0.10568708845304942,0.8393583268514775,23.632096875098444,0.8516610693958837,0.0018131868131868038,0.0009090909090909022,1.0,0.03000000000000025,-0.012417582417582416,-0.07692307692307693,13,1,0.46792027,0
MU,2025-05-31,1.91,1.59,tech_cycle,0.31999999999999984,0.31999999999999984,2025,5,2,1,20.125786163522,bull,0.10568708845304942,0.8393583268514775,23.632096875098444,0.8516610693958837,0.0032967032967033145,-0.0023076923076923096,0.0,0.020000000000000018,-0.009890109890109891,0.0,13,5,0.90206325,1
NKE,2025-05-31,0.14,0.12,economically_cyclical,0.020000000000000018,0.020000000000000018,2025,5,2,1,16.666666666666682,bull,0.10568708845304942,0.8393583268514775,23.632096875098444,0.8516610693958837,-0.004450549450549453,0.0061888111888111896,1.0,0.009999999999999995,-0.01192307692307692,0.03296703296703297,13,2,0.84128743,1
APD,2025-06-30,3.09,2.98,commodity_driven,0.10999999999999988,0.10999999999999988,2025,6,2,1,3.691275167785231,sideways,0.10568708845304942,0.8393583268514775,23.632096875098444,0.8516610693958837,-0.010604395604395623,0.013391608391608379,1.0,0.009999999999999787,-0.0006593406593406745,0.3241758241758242,13,0,0.6675142,1
USB,2025-06-30,1.11,1.07,macro_rate_sensitive,0.040000000000000036,0.040000000000000036,2025,6,2,1,3.738317757009349,sideways,0.10568708845304942,0.8393583268514775,23.632096875098444,0.8516610693958837,-0.0007342657342657248,-0.00027272727272727295,1.0,0.0,0.00034965034965037014,0.11188811188811189,12,3,0.55476385,1
UNH,2025-06-30,4.08,4.84,regulatory_idiosyncratic,-0.7599999999999998,-0.3778999999999999,2025,6,2,0,-15.70247933884297,sideways,0.10568708845304942,0.8393583268514775,23.632096875098444,0.8516610693958837,-0.164967032967033,0.045384615384615364,0.0,-0.45999999999999996,-0.02362637362637357,-0.07032967032967033,14,4,0.65766555,1
MRK,2025-06-30,2.13,2.01,regulatory_idiosyncratic,0.1200000000000001,0.1200000000000001,2025,6,2,1,5.97014925373135,sideways,0.10568708845304942,0.8393583268514775,23.632096875098444,0.8516610693958837,-0.003956043956043966,0.00027472527472527744,3.0,-0.020000000000000018,-0.0036483516483516516,0.08791208791208792,14,4,0.61269855,1
MS,2025-06-30,2.13,1.93,macro_rate_sensitive,0.19999999999999996,0.19999999999999996,2025,6,2,1,10.362694300518132,sideways,0.10568708845304942,0.8393583268514775,23.632096875098444,0.8516610693958837,-0.006373626373626339,-0.0014835164835164739,2.0,-0.07999999999999985,-0.013296703296703287,0.02857142857142857,14,3,0.48103777,0
AMZN,2025-06-30,1.68,1.33,economically_cyclical,0.34999999999999987,0.34999999999999987,2025,6,2,1,26.315789473684198,sideways,0.10568708845304942,0.8393583268514775,23.632096875098444,0.8516610693958837,-0.0008241758241758164,-0.0008741258741258749,2.0,-0.010000000000000009,-0.007142857142857144,0.10989010989010989,13,2,0.88957316,1
PNC,2025-06-30,3.85,3.56,macro_rate_sensitive,0.29000000000000004,0.29000000000000004,2025,6,2,1,8.146067415730338,sideways,0.10568708845304942,0.8393583268514775,23.632096875098444,0.8516610693958837,-0.0032167832167832476,-0.0007272727272727117,0.0,-0.029999999999999805,0.008776223776223755,0.11188811188811189,12,3,0.47393596,0
ABBV,2025-06-30,2.97,2.89,regulatory_idiosyncratic,0.08000000000000007,0.08000000000000007,2025,6,2,1,2.7681660899654004,sideways,0.10568708845304942,0.8393583268514775,23.632096875098444,0.8516610693958837,-0.013648351648351697,-0.01324175824175825,1.0,-0.3500000000000001,-0.01589010989010988,0.024175824175824177,14,4,0.514273,1
PFE,2025-06-30,0.78,0.58,regulatory_idiosyncratic,0.20000000000000007,0.20000000000000007,2025,6,2,1,34.482758620689665,sideways,0.10568708845304942,0.8393583268514775,23.632096875098444,0.8516610693958837,0.000769230769230765,0.00034965034965035,2.0,0.010000000000000009,0.0009890109890109899,0.08241758241758242,13,4,0.46813384,0
AMT,2025-06-30,2.6,2.6,macro_rate_sensitive,0.0,0.0,2025,6,2,0,0.0,sideways,0.10568708845304942,0.8393583268514775,23.632096875098444,0.8516610693958837,0.0003296703296703617,0.0003846153846153935,0.0,0.010000000000000231,0.0006593406593406599,0.0,13,3,0.51445824,1
NEE,2025-06-30,1.05,1.02,defensive_baseline,0.030000000000000027,0.030000000000000027,2025,6,2,1,2.9411764705882377,sideways,0.10568708845304942,0.8393583268514775,23.632096875098444,0.8516610693958837,0.004615384615384629,-0.0005454545454545459,1.0,0.030000000000000027,-0.007867132867132864,0.0,12,1,0.7015461,1
QCOM,2025-06-30,2.77,2.7,tech_cycle,0.06999999999999984,0.06999999999999984,2025,6,2,1,2.592592592592587,sideways,0.10568708845304942,0.8393583268514775,23.632096875098444,0.8516610693958837,-6.993006993003117e-05,-0.0012727272727272659,1.0,-0.009999999999999787,-0.011328671328671287,-0.12237762237762238,12,5,0.93145806,1
PSX,2025-06-30,2.38,1.66,commodity_driven,0.72,0.72,2025,6,2,1,43.373493975903614,sideways,0.10568708845304942,0.8393583268514775,23.632096875098444,0.8516610693958837,-0.028461538461538476,0.005818181818181803,3.0,-0.25,-0.06437062937062939,-0.05244755244755245,12,0,0.5249971,1
PLD,2025-06-30,1.46,1.41,macro_rate_sensitive,0.050000000000000044,0.050000000000000044,2025,6,2,1,3.5460992907801447,sideways,0.10568708845304942,0.8393583268514775,23.632096875098444,0.8516610693958837,0.00027972027972028617,0.00018181818181818197,1.0,0.010000000000000009,-0.004055944055944032,0.038461538461538464,12,3,0.87555987,1
ABT,2025-06-30,1.26,1.25,regulatory_idiosyncratic,0.010000000000000009,0.010000000000000009,2025,6,2,1,0.8000000000000007,sideways,0.10568708845304942,0.8393583268514775,23.632096875098444,0.8516610693958837,0.0,0.0,0.0,0.0,0.000274725274725275,0.13186813186813187,13,4,0.8124883,1
TSM,2025-06-30,2.47,2.37,tech_cycle,0.10000000000000009,0.10000000000000009,2025,6,2,1,4.2194092827004255,sideways,0.10568708845304942,0.8393583268514775,23.632096875098444,0.8516610693958837,0.020244755244755254,-0.0017272727272727268,0.0,0.08000000000000007,0.0012237762237762287,0.07692307692307693,12,5,0.86382216,1
NEM,2025-06-30,1.43,1.04,commodity_driven,0.3899999999999999,0.3899999999999999,2025,6,2,1,37.499999999999986,sideways,0.10568708845304942,0.8393583268514775,23.632096875098444,0.8516610693958837,0.005489510489510503,0.002090909090909093,2.0,0.050000000000000044,0.006993006993006981,0.1258741258741259,12,0,0.64358705,1
AMGN,2025-06-30,6.02,5.26,regulatory_idiosyncratic,0.7599999999999998,0.7599999999999998,2025,6,2,1,14.448669201520909,sideways,0.10568708845304942,0.8393583268514775,23.632096875098444,0.8516610693958837,-0.0001758241758242033,0.003901098901098896,1.0,0.04999999999999982,0.015120879120879126,0.05714285714285714,14,4,0.77457714,1
AMD,2025-06-30,0.48,0.47,tech_cycle,0.010000000000000009,0.010000000000000009,2025,6,2,1,2.1276595744680873,sideways,0.10568708845304942,0.8393583268514775,23.632096875098444,0.8516610693958837,-0.01686813186813188,0.000909090909090908,0.0,-0.09000000000000008,-0.05439560439560441,-0.0989010989010989,13,5,0.603113,1
PG,2025-06-30,1.48,1.43,defensive_baseline,0.050000000000000044,0.050000000000000044,2025,6,2,1,3.4965034965034993,sideways,0.10568708845304942,0.8393583268514775,23.632096875098444,0.8516610693958837,-0.0007692307692307626,0.0018181818181818197,1.0,0.010000000000000009,-0.005824175824175829,-0.10989010989010989,13,1,0.68222415,1
OXY,2025-06-30,0.39,0.28,commodity_driven,0.10999999999999999,0.10999999999999999,2025,6,2,1,39.28571428571428,sideways,0.10568708845304942,0.8393583268514775,23.632096875098444,0.8516610693958837,-0.020384615384615386,0.00609090909090909,0.0,-0.09999999999999998,-0.03412587412587413,0.06993006993006994,12,0,0.5539514,1
PEP,2025-06-30,2.12,2.03,defensive_baseline,0.0900000000000003,0.0900000000000003,2025,6,2,1,4.433497536945828,sideways,0.10568708845304942,0.8393583268514775,23.632096875098444,0.8516610693958837,-0.009454545454545446,0.007818181818181816,2.0,-0.010000000000000231,-0.02363636363636368,0.12727272727272726,11,1,0.49499732,0
AEP,2025-06-30,1.43,1.28,defensive_baseline,0.1499999999999999,0.1499999999999999,2025,6,2,1,11.718749999999993,sideways,0.10568708845304942,0.8393583268514775,23.632096875098444,0.8516610693958837,-0.005174825174825164,0.0010909090909090918,3.0,-0.020000000000000018,-0.009895104895104903,0.1258741258741259,12,1,0.28191963,0
XOM,2025-06-30,1.64,1.49,commodity_driven,0.1499999999999999,0.1499999999999999,2025,6,2,1,10.067114093959725,sideways,0.10568708845304942,0.8393583268514775,23.632096875098444,0.8516610693958837,-0.01709790209790211,0.010090909090909091,3.0,0.020000000000000018,-0.028741258741258737,0.13286713286713286,12,0,0.66299194,1
ASML,2025-06-30,4.55,5.94,tech_cycle,-1.3900000000000006,-0.3803999999999999,2025,6,2,0,-23.40067340067341,sideways,0.10568708845304942,0.8393583268514775,23.632096875098444,0.8516610693958837,0.013681318681318732,-0.002307692307692305,2.0,0.11000000000000032,0.00571428571428571,0.08241758241758242,13,5,0.7493925,1
GE,2025-06-30,1.66,1.43,economically_cyclical,0.22999999999999998,0.22999999999999998,2025,6,2,1,16.083916083916083,sideways,0.10568708845304942,0.8393583268514775,23.632096875098444,0.8516610693958837,0.0015384615384615304,-0.0009090909090909098,0.0,0.010000000000000009,0.00038461538461538575,0.0,12,2,0.7793408,1
MPC,2025-06-30,3.96,3.22,commodity_driven,0.7399999999999998,0.7399999999999998,2025,6,2,1,22.98136645962732,sideways,0.10568708845304942,0.8393583268514775,23.632096875098444,0.8516610693958837,-0.02950549450549449,0.014475524475524477,5.0,-0.22999999999999998,-0.13439560439560433,-0.03296703296703297,13,0,0.49380195,0
VLO,2025-06-30,2.28,1.73,commodity_driven,0.5499999999999998,0.5499999999999998,2025,6,2,1,31.791907514450855,sideways,0.10568708845304942,0.8393583268514775,23.632096875098444,0.8516610693958837,-0.12251748251748254,0.014181818181818176,4.0,-0.8899999999999999,-0.6182167832167832,-0.08391608391608392,12,0,0.33350185,0
COP,2025-06-30,1.42,1.36,commodity_driven,0.05999999999999983,0.05999999999999983,2025,6,2,1,4.41176470588234,sideways,0.10568708845304942,0.8393583268514775,23.632096875098444,0.8516610693958837,-0.011263736263736267,0.004265734265734275,3.0,-0.04999999999999982,-0.06873626373626372,-0.038461538461538464,13,0,0.35164934,0
KLAC,2025-06-30,9.38,8.53,tech_cycle,0.8500000000000014,0.8500000000000014,2025,6,2,1,9.964830011723347,sideways,0.10568708845304942,0.8393583268514775,23.632096875098444,0.8516610693958837,0.007747252747252768,-0.0024125874125874294,0.0,0.049999999999998934,-0.04928571428571423,-0.11538461538461539,13,5,0.76843846,1
JPM,2025-06-30,4.96,4.51,macro_rate_sensitive,0.4500000000000002,0.4500000000000002,2025,6,2,1,9.977827050997787,sideways,0.10568708845304942,0.8393583268514775,23.632096875098444,0.8516610693958837,0.0020659340659339672,0.0032417582417582263,1.0,0.05999999999999961,-0.008527472527472494,0.12747252747252746,14,3,0.67269754,1
CVS,2025-06-30,1.81,1.47,regulatory_idiosyncratic,0.3400000000000001,0.3400000000000001,2025,6,2,1,23.12925170068028,sideways,0.10568708845304942,0.8393583268514775,23.632096875098444,0.8516610693958837,-0.002747252747252757,0.00258741258741259,1.0,0.0,-0.0012087912087912123,0.016483516483516484,13,4,0.66747296,1
SO,2025-06-30,0.91,0.87,defensive_baseline,0.040000000000000036,0.040000000000000036,2025,6,2,1,4.5977011494252915,sideways,0.10568708845304942,0.8393583268514775,23.632096875098444,0.8516610693958837,-0.01538461538461538,-0.0003636363636363569,1.0,-0.08999999999999997,0.022167832167832177,0.26573426573426573,12,1,0.2480268,0
JNJ,2025-06-30,2.77,2.66,regulatory_idiosyncratic,0.10999999999999988,0.10999999999999988,2025,6,2,1,4.135338345864657,sideways,0.10568708845304942,0.8393583268514775,23.632096875098444,0.8516610693958837,-0.0005494505494505182,0.0007692307692307839,1.0,0.010000000000000231,0.00032967032967033726,0.03296703296703297,13,4,0.855594,1
INTC,2025-06-30,-0.1,0.01,tech_cycle,-0.11,-0.11,2025,6,2,0,,sideways,0.10568708845304942,0.8393583268514775,23.632096875098444,0.8516610693958837,-0.0023076923076923075,0.001713286713286713,0.0,0.0,-0.00032967032967032967,0.15384615384615385,13,5,0.7481302,1
CVX,2025-06-30,1.77,1.7,commodity_driven,0.07000000000000006,0.07000000000000006,2025,6,2,1,4.117647058823533,sideways,0.10568708845304942,0.8393583268514775,23.632096875098444,0.8516610693958837,-0.006758241758241741,0.014230769230769219,2.0,0.07999999999999985,-0.0368131868131868,0.11538461538461539,13,0,0.76697665,1
HON,2025-06-30,2.75,2.64,economically_cyclical,0.10999999999999988,0.10999999999999988,2025,6,2,1,4.166666666666662,sideways,0.10568708845304942,0.8393583268514775,23.632096875098444,0.8516610693958837,0.0025874125874125946,-0.0001818181818181739,0.0,0.010000000000000231,-0.005664335664335671,0.13286713286713286,12,2,0.75664145,1
WFC,2025-06-30,1.54,1.41,macro_rate_sensitive,0.13000000000000012,0.13000000000000012,2025,6,2,1,9.219858156028378,sideways,0.10568708845304942,0.8393583268514775,23.632096875098444,0.8516610693958837,-0.002967032967032972,0.0013636363636363648,0.0,-0.010000000000000009,-0.004780219780219786,0.14285714285714285,13,3,0.6456053,1
PSA,2025-06-30,4.28,4.23,macro_rate_sensitive,0.04999999999999982,0.04999999999999982,2025,6,2,1,1.1820330969267097,sideways,0.10568708845304942,0.8393583268514775,23.632096875098444,0.8516610693958837,0.0006993006993007589,-0.00036363636363638817,0.0,0.0,0.001293706293706266,0.06993006993006994,12,3,0.3220205,0
DUK,2025-06-30,1.25,1.19,defensive_baseline,0.06000000000000005,0.06000000000000005,2025,6,2,1,5.042016806722694,sideways,0.10568708845304942,0.8393583268514775,23.632096875098444,0.8516610693958837,-0.000329670329670347,-0.0032517482517482547,2.0,-0.06000000000000005,0.010054945054945046,0.1813186813186813,13,1,0.09033543,0
GS,2025-06-30,10.91,9.43,macro_rate_sensitive,1.4800000000000004,1.4800000000000004,2025,6,2,1,15.694591728525985,sideways,0.10568708845304942,0.8393583268514775,23.632096875098444,0.8516610693958837,-0.04692307692307703,-0.0026573426573426565,1.0,-0.39000000000000057,0.04593406593406589,0.0,13,3,0.24152806,0
SLB,2025-06-30,0.74,0.73,commodity_driven,0.010000000000000009,0.010000000000000009,2025,6,2,1,1.3698630136986314,sideways,0.10568708845304942,0.8393583268514775,23.632096875098444,0.8516610693958837,-0.006545454545454531,0.001575757575757571,0.0,-0.040000000000000036,-0.0056363636363636295,0.2727272727272727,11,0,0.455201,0
GILD,2025-06-30,2.01,1.95,regulatory_idiosyncratic,0.05999999999999983,0.05999999999999983,2025,6,2,1,3.076923076923068,sideways,0.10568708845304942,0.8393583268514775,23.632096875098444,0.8516610693958837,-0.0017142857142857157,-0.0010109890109890108,1.0,-0.040000000000000036,-0.012857142857142857,0.07142857142857142,15,4,0.8609549,1
EOG,2025-06-30,2.32,2.21,commodity_driven,0.10999999999999988,0.10999999999999988,2025,6,2,1,4.977375565610854,sideways,0.10568708845304942,0.8393583268514775,23.632096875098444,0.8516610693958837,-0.0038241758241758287,0.0068131868131868145,4.0,0.08000000000000007,-0.025054945054945075,0.18021978021978022,14,0,0.7564085,1
CL,2025-06-30,0.92,0.89,defensive_baseline,0.030000000000000027,0.030000000000000027,2025,6,2,1,3.3707865168539355,sideways,0.10568708845304942,0.8393583268514775,23.632096875098444,0.8516610693958837,-0.001758241758241748,0.0019230769230769212,1.0,0.0,-0.00015384615384614764,-0.07692307692307693,14,1,0.2913544,0
SCHW,2025-06-30,1.14,1.09,macro_rate_sensitive,0.04999999999999982,0.04999999999999982,2025,6,2,1,4.587155963302736,sideways,0.10568708845304942,0.8393583268514775,23.632096875098444,0.8516610693958837,0.0034965034965034965,0.00018181818181818197,0.0,0.030000000000000027,0.003041958041958037,0.07692307692307693,12,3,0.69580543,1
TXN,2025-06-30,1.41,1.32,tech_cycle,0.08999999999999986,0.08999999999999986,2025,6,2,1,6.818181818181807,sideways,0.10568708845304942,0.8393583268514775,23.632096875098444,0.8516610693958837,0.0003846153846154199,-0.0004545454545454549,0.0,0.0,0.00038461538461538575,0.038461538461538464,12,5,0.6956706,1
KMB,2025-06-30,1.92,1.68,defensive_baseline,0.24,0.24,2025,6,2,1,14.285714285714285,sideways,0.10568708845304942,0.8393583268514775,23.632096875098444,0.8516610693958837,-0.0011208791208791322,0.0006043956043956049,1.0,0.010000000000000009,-0.011604395604395615,-0.1054945054945055,14,1,0.62143207,1
MO,2025-06-30,1.44,1.37,defensive_baseline,0.06999999999999984,0.06999999999999984,2025,6,2,1,5.1094890510948785,sideways,0.10568708845304942,0.8393583268514775,23.632096875098444,0.8516610693958837,0.0006043956043956305,0.00010489510489510499,2.0,0.010000000000000009,-0.0015934065934065948,0.19230769230769232,13,1,0.6459534,1
BA,2025-06-30,-1.24,-1.54,economically_cyclical,0.30000000000000004,0.30000000000000004,2025,6,2,1,19.480519480519483,sideways,0.10568708845304942,0.8393583268514775,23.632096875098444,0.8516610693958837,-0.04843956043956044,-0.012472527472527474,0.0,-0.6900000000000001,-0.03046153846153848,-0.04395604395604396,14,2,0.40818498,0
SBUX,2025-06-30,0.5,0.65,economically_cyclical,-0.15000000000000002,-0.15000000000000002,2025,6,2,0,-23.076923076923077,sideways,0.10568708845304942,0.8393583268514775,23.632096875098444,0.8516610693958837,-0.004090909090909088,0.0019090909090909067,2.0,0.0,-0.005839160839160839,-0.1958041958041958,12,2,0.7988434,1
MMM,2025-06-30,2.16,2.01,economically_cyclical,0.15000000000000036,0.15000000000000036,2025,6,2,1,7.462686567164198,sideways,0.10568708845304942,0.8393583268514775,23.632096875098444,0.8516610693958837,-0.0006993006993006844,-0.00036363636363635586,0.0,-0.009999999999999787,-0.0020979020979021152,0.0,12,2,0.6918837,1
TMO,2025-06-30,5.36,5.22,regulatory_idiosyncratic,0.14000000000000057,0.14000000000000057,2025,6,2,1,2.681992337164762,sideways,0.10568708845304942,0.8393583268514775,23.632096875098444,0.8516610693958837,-0.0053146853146854005,0.0029090909090909115,0.0,0.0,-0.033251748251748245,0.0,12,4,0.83115566,1
MCD,2025-06-30,3.19,3.15,economically_cyclical,0.040000000000000036,0.040000000000000036,2025,6,2,1,1.269841269841271,sideways,0.10568708845304942,0.8393583268514775,23.632096875098444,0.8516610693958837,0.002593406593406546,-0.00043956043956044726,0.0,0.020000000000000018,-0.006153846153846139,-0.05274725274725275,14,2,0.47079265,0
BAC,2025-06-30,0.89,0.86,macro_rate_sensitive,0.030000000000000027,0.030000000000000027,2025,6,2,1,3.4883720930232593,sideways,0.10568708845304942,0.8393583268514775,23.632096875098444,0.8516610693958837,-0.0029120879120879185,-0.0009090909090909098,2.0,-0.040000000000000036,-0.0014285714285714249,0.0989010989010989,13,3,0.6889014,1
BMY,2025-06-30,1.46,1.07,regulatory_idiosyncratic,0.3899999999999999,0.3899999999999999,2025,6,2,1,36.448598130841106,sideways,0.10568708845304942,0.8393583268514775,23.632096875098444,0.8516610693958837,-0.03701098901098901,-0.008846153846153847,1.0,-0.49,0.04527472527472528,-0.024175824175824177,14,4,0.14764579,0
LLY,2025-06-30,6.31,5.61,regulatory_idiosyncratic,0.6999999999999993,0.6999999999999993,2025,6,2,1,12.477718360071288,sideways,0.10568708845304942,0.8393583268514775,23.632096875098444,0.8516610693958837,0.0029230769230769193,0.0028571428571428793,3.0,0.05000000000000071,-0.008175824175824188,0.0989010989010989,14,4,0.48214126,0
LRCX,2025-06-30,1.33,1.2,tech_cycle,0.13000000000000012,0.13000000000000012,2025,6,2,1,10.833333333333343,sideways,0.10568708845304942,0.8393583268514775,23.632096875098444,0.8516610693958837,0.0028351648351648373,-0.00032967032967032994,0.0,0.020000000000000018,-0.018351648351648358,-0.1054945054945055,14,5,0.70629925,1
LIN,2025-06-30,4.09,4.03,commodity_driven,0.05999999999999961,0.05999999999999961,2025,6,2,1,1.4888337468982533,sideways,0.10568708845304942,0.8393583268514775,23.632096875098444,0.8516610693958837,-0.0021978021978021314,0.0017832167832167794,0.0,0.0,-0.0055494505494505676,0.15934065934065933,13,0,0.46705964,0
CAT,2025-06-30,4.72,4.88,economically_cyclical,-0.16000000000000014,-0.16000000000000014,2025,6,2,0,-3.2786885245901667,sideways,0.10568708845304942,0.8393583268514775,23.632096875098444,0.8516610693958837,-0.005670329670329823,0.0014285714285714323,1.0,-0.009999999999999787,-0.012131868131868123,0.02857142857142857,14,2,0.56855273,1
KO,2025-06-30,0.87,0.83,defensive_baseline,0.040000000000000036,0.040000000000000036,2025,6,2,1,4.81927710843374,sideways,0.10568708845304942,0.8393583268514775,23.632096875098444,0.8516610693958837,-0.0006993006993007093,0.00036363636363636394,0.0,0.0,3.8818986875005473e-19,0.0,12,1,0.34913337,0
C,2025-06-30,1.96,1.61,macro_rate_sensitive,0.34999999999999987,0.34999999999999987,2025,6,2,1,21.7391304347826,sideways,0.10568708845304942,0.8393583268514775,23.632096875098444,0.8516610693958837,-0.0052197802197802255,-0.003356643356643351,1.0,-0.09999999999999987,-0.003846153846153864,-0.04395604395604396,13,3,0.5342856,1
DE,2025-07-31,4.75,4.62,economically_cyclical,0.1299999999999999,0.1299999999999999,2025,7,3,1,2.8138528138528116,bull,0.10568708845304942,0.8393583268514775,23.632096875098444,0.8516610693958837,-0.02307692307692313,0.023706293706293725,1.0,0.020000000000000462,-0.008571428571428584,0.03296703296703297,13,2,0.8881131,1
HD,2025-07-31,4.68,4.71,economically_cyclical,-0.03000000000000025,-0.03000000000000025,2025,7,3,0,-0.636942675159241,bull,0.10568708845304942,0.8393583268514775,23.632096875098444,0.8516610693958837,-1.9520404828574182e-17,0.0,0.0,0.0,0.0,0.03296703296703297,13,2,0.7680761,1
AMAT,2025-07-31,2.48,2.34,tech_cycle,0.14000000000000012,0.14000000000000012,2025,7,3,1,5.982905982905988,bull,0.10568708845304942,0.8393583268514775,23.632096875098444,0.8516610693958837,0.0003296703296702836,-0.00038461538461537643,0.0,0.0,-0.0013186813186813198,0.0,13,5,0.7740928,1
LOW,2025-07-31,4.33,4.23,economically_cyclical,0.09999999999999964,0.09999999999999964,2025,7,3,1,2.3640661938534193,bull,0.10568708845304942,0.8393583268514775,23.632096875098444,0.8516610693958837,0.0004945054945055328,-0.00041958041958041064,1.0,0.0,0.0,0.03296703296703297,13,2,0.5448404,1
WMT,2025-07-31,0.68,0.73,defensive_baseline,-0.04999999999999993,-0.04999999999999993,2025,7,3,0,-6.849315068493142,bull,0.10568708845304942,0.8393583268514775,23.632096875098444,0.8516610693958837,0.0006593406593406648,0.0,0.0,0.010000000000000009,-0.0009890109890109855,-0.08241758241758242,13,1,0.69479126,1
AVGO,2025-07-31,1.69,1.66,tech_cycle,0.030000000000000027,0.030000000000000027,2025,7,3,1,1.8072289156626522,bull,0.10568708845304942,0.8393583268514775,23.632096875098444,0.8516610693958837,-0.0006593406593406648,0.0007692307692307699,0.0,0.0,-0.0006593406593406599,-0.03296703296703297,13,5,0.70395005,1
NVDA,2025-07-31,1.05,1.0,tech_cycle,0.050000000000000044,0.050000000000000044,2025,7,3,1,5.000000000000004,bull,0.10568708845304942,0.8393583268514775,23.632096875098444,0.8516610693958837,0.000989010989011007,-0.0004895104895104899,2.0,0.010000000000000009,0.0009890109890109923,-0.08241758241758242,13,5,0.8036139,1
COST,2025-08-31,5.87,5.81,defensive_baseline,0.0600000000000005,0.0600000000000005,2025,8,3,1,1.0327022375215231,sideways,0.07792323071187024,0.5059565752643931,15.957499966025352,-0.5103555943374701,-0.0038676470588236062,0.001250000000000002,3.0,0.009999999999999787,-0.03538235294117648,-0.060294117647058824,16,1,0.53876877,1
NKE,2025-08-31,0.49,0.27,economically_cyclical,0.21999999999999997,0.21999999999999997,2025,8,3,1,81.48148148148147,sideways,0.07792323071187024,0.5059565752643931,15.957499966025352,-0.5103555943374701,-0.00037362637362637154,0.001153846153846153,1.0,0.010000000000000009,-0.006659340659340666,0.04395604395604396,14,2,0.76041377,1
MU,2025-08-31,3.03,2.86,tech_cycle,0.16999999999999993,0.16999999999999993,2025,8,3,1,5.9440559440559415,sideways,0.07792323071187024,0.5059565752643931,15.957499966025352,-0.5103555943374701,0.049120879120879125,-0.01405594405594405,1.0,0.31000000000000005,0.0016483516483516596,-0.07142857142857142,13,5,0.9337173,1
TXN,2025-09-30,1.48,1.47,tech_cycle,0.010000000000000009,0.010000000000000009,2025,9,3,1,0.680272108843538,bull,0.07792323071187024,0.5059565752643931,15.957499966025352,-0.5103555943374701,-9.760202414287091e-18,-0.0006293706293706299,1.0,-0.010000000000000009,-0.0006043956043956061,-0.06043956043956044,13,5,0.9281971,1
VLO,2025-09-30,3.66,2.95,commodity_driven,0.71,0.71,2025,9,3,1,24.067796610169488,bull,0.07792323071187024,0.5059565752643931,15.957499966025352,-0.5103555943374701,-0.003406593406593334,-0.008496503496503504,5.0,-0.1200000000000001,-0.033076923076923066,-0.027472527472527472,13,0,0.68819004,1
WFC,2025-09-30,1.73,1.55,macro_rate_sensitive,0.17999999999999994,0.17999999999999994,2025,9,3,1,11.612903225806448,bull,0.07792323071187024,0.5059565752643931,15.957499966025352,-0.5103555943374701,0.0011538461538461585,0.0006293706293706299,0.0,0.020000000000000018,0.0011538461538461548,0.0,13,3,0.62456167,1
UNH,2025-09-30,2.92,2.75,regulatory_idiosyncratic,0.16999999999999993,0.16999999999999993,2025,9,3,1,6.181818181818179,bull,0.07792323071187024,0.5059565752643931,15.957499966025352,-0.5103555943374701,-0.05225274725274726,0.02632867132867132,0.0,-0.07000000000000028,-0.24813186813186802,-0.08241758241758242,13,4,0.4589874,0
USB,2025-09-30,1.22,1.11,macro_rate_sensitive,0.10999999999999988,0.10999999999999988,2025,9,3,1,9.909909909909898,bull,0.07792323071187024,0.5059565752643931,15.957499966025352,-0.5103555943374701,0.0011538461538461585,-0.00013986013986014,0.0,0.010000000000000009,-0.0004945054945055023,0.06593406593406594,13,3,0.4831297,0
XOM,2025-09-30,1.88,1.81,commodity_driven,0.06999999999999984,0.06999999999999984,2025,9,3,1,3.867403314917118,bull,0.07792323071187024,0.5059565752643931,15.957499966025352,-0.5103555943374701,0.00807692307692308,-0.000174825174825175,2.0,0.07000000000000006,-0.013241758241758238,0.14835164835164835,13,0,0.90337193,1
LIN,2025-09-30,4.21,4.18,commodity_driven,0.03000000000000025,0.03000000000000025,2025,9,3,1,0.7177033492823026,bull,0.07792323071187024,0.5059565752643931,15.957499966025352,-0.5103555943374701,-0.0015384615384615447,0.0010139860139860204,0.0,0.0,0.0046703296703297075,0.01098901098901099,13,0,0.197495,0
COP,2025-09-30,1.61,1.4,commodity_driven,0.2100000000000002,0.2100000000000002,2025,9,3,1,15.000000000000014,bull,0.07792323071187024,0.5059565752643931,15.957499966025352,-0.5103555943374701,-0.010824175824175837,0.0010839160839160849,2.0,-0.09000000000000008,-0.02379120879120881,0.06043956043956044,13,0,0.46532178,0
GILD,2025-09-30,2.47,2.15,regulatory_idiosyncratic,0.3200000000000003,0.3200000000000003,2025,9,3,1,14.883720930232572,bull,0.07792323071187024,0.5059565752643931,15.957499966025352,-0.5103555943374701,-0.00013986013986012446,0.000363636363636372,2.0,0.0,-0.0009440559440559705,-0.03146853146853147,12,4,0.65578943,1
PG,2025-09-30,1.99,1.9,defensive_baseline,0.09000000000000008,0.09000000000000008,2025,9,3,1,4.736842105263162,bull,0.07792323071187024,0.5059565752643931,15.957499966025352,-0.5103555943374701,-0.0011188811188811074,-0.00018181818181818197,0.0,-0.010000000000000009,0.0,-0.06993006993006994,12,1,0.6122038,1
GS,2025-09-30,12.25,11.11,macro_rate_sensitive,1.1400000000000006,1.1400000000000006,2025,9,3,1,10.261026102610266,bull,0.07792323071187024,0.5059565752643931,15.957499966025352,-0.5103555943374701,0.046373626373626166,0.026398601398601396,2.0,0.8399999999999999,-0.05115384615384606,-0.11538461538461539,13,3,0.52917904,1
PFE,2025-09-30,0.87,0.66,regulatory_idiosyncratic,0.20999999999999996,0.20999999999999996,2025,9,3,1,31.818181818181813,bull,0.07792323071187024,0.5059565752643931,15.957499966025352,-0.5103555943374701,-0.013186813186813183,-0.002202797202797203,0.0,-0.13,-0.0023076923076923083,0.016483516483516484,13,4,0.8845395,1
AMGN,2025-09-30,5.64,5.0,regulatory_idiosyncratic,0.6399999999999997,0.6399999999999997,2025,9,3,1,12.799999999999995,bull,0.07792323071187024,0.5059565752643931,15.957499966025352,-0.5103555943374701,-0.008846153846153804,0.0018181818181818167,2.0,-0.009999999999999787,-0.02390109890109891,-0.0989010989010989,13,4,0.8007786,1
BMY,2025-09-30,1.63,1.48,regulatory_idiosyncratic,0.1499999999999999,0.1499999999999999,2025,9,3,1,10.135135135135128,bull,0.07792323071187024,0.5059565752643931,15.957499966025352,-0.5103555943374701,-0.009450549450549435,-0.003321678321678319,0.0,-0.1399999999999999,0.004450549450549447,0.016483516483516484,13,4,0.6397082,1
OXY,2025-09-30,0.64,0.48,commodity_driven,0.16000000000000003,0.16000000000000003,2025,9,3,1,33.33333333333334,bull,0.07792323071187024,0.5059565752643931,15.957499966025352,-0.5103555943374701,-0.006747252747252756,0.0034615384615384616,2.0,-0.010000000000000009,-0.013582417582417586,0.1054945054945055,14,0,0.62618995,1
HON,2025-09-30,2.82,2.56,economically_cyclical,0.2599999999999998,0.2599999999999998,2025,9,3,1,10.156249999999991,bull,0.07792323071187024,0.5059565752643931,15.957499966025352,-0.5103555943374701,0.0016483516483516523,-0.0019230769230769334,0.0,0.0,-0.0053846153846153775,-0.06043956043956044,13,2,0.65298444,1
AMT,2025-09-30,2.78,2.62,macro_rate_sensitive,0.1599999999999997,0.1599999999999997,2025,9,3,1,6.1068702290076216,bull,0.07792323071187024,0.5059565752643931,15.957499966025352,-0.5103555943374701,-0.0019780219780219455,-0.00034965034965035,0.0,-0.020000000000000018,-0.0039560439560439595,-0.13186813186813187,13,3,0.76308006,1
INTC,2025-09-30,0.23,0.01,tech_cycle,0.22,0.22,2025,9,3,1,,bull,0.07792323071187024,0.5059565752643931,15.957499966025352,-0.5103555943374701,-0.001043956043956044,0.0006293706293706294,2.0,0.0,-0.005549450549450551,-0.054945054945054944,13,5,0.82105964,1
NEM,2025-09-30,1.71,1.29,commodity_driven,0.41999999999999993,0.41999999999999993,2025,9,3,1,32.558139534883715,bull,0.07792323071187024,0.5059565752643931,15.957499966025352,-0.5103555943374701,0.012967032967032959,-0.00979020979020979,1.0,0.020000000000000018,-0.023241758241758233,-0.027472527472527472,13,0,0.70489424,1
BAC,2025-09-30,1.06,0.94,macro_rate_sensitive,0.1200000000000001,0.1200000000000001,2025,9,3,1,12.765957446808523,bull,0.07792323071187024,0.5059565752643931,15.957499966025352,-0.5103555943374701,-5.4945054945048894e-05,0.00034965034965034607,5.0,0.0,-0.00423076923076923,0.01098901098901099,13,3,0.4784282,0
NEE,2025-09-30,1.13,1.04,defensive_baseline,0.08999999999999986,0.08999999999999986,2025,9,3,1,8.653846153846139,bull,0.07792323071187024,0.5059565752643931,15.957499966025352,-0.5103555943374701,0.0006813186813186863,-0.00016483516483516497,1.0,0.0,-0.004769230769230757,-0.04835164835164835,14,1,0.36346695,0
JNJ,2025-09-30,2.8,2.77,regulatory_idiosyncratic,0.029999999999999805,0.029999999999999805,2025,9,3,1,1.0830324909747222,bull,0.07792323071187024,0.5059565752643931,15.957499966025352,-0.5103555943374701,-5.4945054945102575e-05,-0.00031468531468530796,2.0,-0.009999999999999787,-0.002307692307692317,0.0,13,4,0.86310124,1
JPM,2025-09-30,5.07,4.83,macro_rate_sensitive,0.2400000000000002,0.2400000000000002,2025,9,3,1,4.968944099378887,bull,0.07792323071187024,0.5059565752643931,15.957499966025352,-0.5103555943374701,0.017802197802197814,-0.0011188811188811354,0.0,0.13999999999999968,-0.02483516483516486,-0.06043956043956044,13,3,0.94868386,1
MS,2025-09-30,2.8,2.08,macro_rate_sensitive,0.7199999999999998,0.7199999999999998,2025,9,3,1,34.615384615384606,bull,0.07792323071187024,0.5059565752643931,15.957499966025352,-0.5103555943374701,0.003131868131868114,0.0006293706293706245,0.0,0.04999999999999982,0.001318681318681349,-0.06043956043956044,13,3,0.63956785,1
AMZN,2025-09-30,1.95,1.58,economically_cyclical,0.3699999999999999,0.3699999999999999,2025,9,3,1,23.417721518987335,bull,0.07792323071187024,0.5059565752643931,15.957499966025352,-0.5103555943374701,0.002032967032967048,-0.0004545454545454549,1.0,0.0,0.009725274725274737,-0.016483516483516484,13,2,0.2456935,0
MRK,2025-09-30,2.58,2.36,regulatory_idiosyncratic,0.2200000000000002,0.2200000000000002,2025,9,3,1,9.322033898305094,bull,0.07792323071187024,0.5059565752643931,15.957499966025352,-0.5103555943374701,-0.0012087912087911927,-1.3974835275001972e-17,0.0,-0.010000000000000231,0.003241758241758263,0.016483516483516484,13,4,0.8267363,1
BA,2025-09-30,-7.47,-3.85,economically_cyclical,-3.6199999999999997,-3.6199999999999997,2025,9,3,0,-94.02597402597401,bull,0.07792323071187024,0.5059565752643931,15.957499966025352,-0.5103555943374701,-0.10928571428571429,-0.06290209790209791,1.0,-1.95,0.3757692307692308,-0.08241758241758242,13,2,0.79817647,1
KLAC,2025-09-30,8.81,8.55,tech_cycle,0.2599999999999998,0.2599999999999998,2025,9,3,1,3.040935672514617,bull,0.07792323071187024,0.5059565752643931,15.957499966025352,-0.5103555943374701,0.009560439560439494,-0.0015034965034964962,0.0,0.08000000000000007,-0.05241758241758238,-0.08241758241758242,13,5,0.9205457,1
MPC,2025-09-30,3.01,3.11,commodity_driven,-0.10000000000000009,-0.10000000000000009,2025,9,3,0,-3.2154340836012896,bull,0.07792323071187024,0.5059565752643931,15.957499966025352,-0.5103555943374701,-0.0023076923076923365,0.018496503496503506,3.0,0.25,-0.09131868131868126,-0.03296703296703297,13,0,0.7002801,1
APD,2025-09-30,3.39,3.41,commodity_driven,-0.020000000000000018,-0.020000000000000018,2025,9,3,0,-0.5865102639296192,bull,0.07792323071187024,0.5059565752643931,15.957499966025352,-0.5103555943374701,-0.002065934065934061,0.0015384615384615495,2.0,-0.009999999999999787,-0.0052527472527472445,-0.035164835164835165,14,0,0.41659158,0
MO,2025-09-30,1.45,1.44,defensive_baseline,0.010000000000000009,0.010000000000000009,2025,9,3,1,0.6944444444444451,bull,0.07792323071187024,0.5059565752643931,15.957499966025352,-0.5103555943374701,0.0019780219780219845,0.00034965034965035,0.0,0.020000000000000018,-0.00296703296703297,-0.1978021978021978,13,1,0.741802,1
KMB,2025-09-30,1.82,1.45,defensive_baseline,0.3700000000000001,0.3700000000000001,2025,9,3,1,25.517241379310352,bull,0.07792323071187024,0.5059565752643931,15.957499966025352,-0.5103555943374701,-0.00659340659340659,0.0011538461538461548,4.0,-0.13000000000000012,0.021428571428571398,0.1978021978021978,13,1,0.34595013,0
MMM,2025-09-30,2.19,2.1,economically_cyclical,0.08999999999999986,0.08999999999999986,2025,9,3,1,4.2857142857142785,bull,0.07792323071187024,0.5059565752643931,15.957499966025352,-0.5103555943374701,0.0041758241758241416,-0.0012637362637362589,1.0,0.03000000000000025,-0.003164835164835149,0.0,14,2,0.7172795,1
KO,2025-09-30,0.82,0.78,defensive_baseline,0.039999999999999925,0.039999999999999925,2025,9,3,1,5.128205128205118,bull,0.07792323071187024,0.5059565752643931,15.957499966025352,-0.5103555943374701,-0.0009890109890109973,-0.000174825174825175,0.0,-0.010000000000000009,-0.00038461538461538494,0.0,13,1,0.55787325,1
MCD,2025-09-30,3.22,3.35,economically_cyclical,-0.1299999999999999,-0.1299999999999999,2025,9,3,0,-3.88059701492537,bull,0.07792323071187024,0.5059565752643931,15.957499966025352,-0.5103555943374701,-0.0035164835164834805,-0.0016783216783216675,1.0,-0.04999999999999982,0.0045054945054944975,-0.0989010989010989,13,2,0.43262646,0
ASML,2025-09-30,6.41,6.27,tech_cycle,0.14000000000000057,0.14000000000000057,2025,9,3,1,2.232854864433821,bull,0.07792323071187024,0.5059565752643931,15.957499966025352,-0.5103555943374701,0.007912087912087938,0.0002797202797202924,0.0,0.0600000000000005,0.012527472527472534,-0.08241758241758242,13,5,0.87709236,1
LRCX,2025-09-30,1.26,1.21,tech_cycle,0.050000000000000044,0.050000000000000044,2025,9,3,1,4.132231404958682,bull,0.07792323071187024,0.5059565752643931,15.957499966025352,-0.5103555943374701,0.0038111888111888232,-0.002818181818181821,0.0,0.0,-0.02192307692307692,0.0034965034965034965,12,5,0.95622957,1
AMD,2025-09-30,1.2,1.17,tech_cycle,0.030000000000000027,0.030000000000000027,2025,9,3,1,2.5641025641025665,bull,0.07792323071187024,0.5059565752643931,15.957499966025352,-0.5103555943374701,0.002087912087912092,-0.002167832167832161,2.0,0.0,-0.01648351648351649,-0.08791208791208792,13,5,0.89843917,1
PLD,2025-09-30,1.49,1.44,macro_rate_sensitive,0.050000000000000044,0.050000000000000044,2025,9,3,1,3.472222222222225,bull,0.07792323071187024,0.5059565752643931,15.957499966025352,-0.5103555943374701,0.0010989010989010852,0.00010489510489510499,0.0,0.010000000000000009,-0.0021978021978022,-0.06043956043956044,13,3,0.83960116,1
PEP,2025-09-30,2.29,2.27,defensive_baseline,0.020000000000000018,0.020000000000000018,2025,9,3,1,0.8810572687224677,bull,0.07792323071187024,0.5059565752643931,15.957499966025352,-0.5103555943374701,-0.0023776223776224015,0.00200000000000001,1.0,0.0,-0.005279720279720291,-0.08391608391608392,12,1,0.53323317,1
C,2025-09-30,2.24,1.91,macro_rate_sensitive,0.3300000000000003,0.3300000000000003,2025,9,3,1,17.27748691099478,bull,0.07792323071187024,0.5059565752643931,15.957499966025352,-0.5103555943374701,0.0014835164835164812,-0.0017482517482517437,2.0,-0.030000000000000027,-0.00038461538461537643,0.01098901098901099,13,3,0.5435599,1
ABBV,2025-09-30,1.86,1.77,regulatory_idiosyncratic,0.09000000000000008,0.09000000000000008,2025,9,3,1,5.084745762711869,bull,0.07792323071187024,0.5059565752643931,15.957499966025352,-0.5103555943374701,-0.08269230769230772,-0.04751748251748251,3.0,-1.47,0.037417582417582404,0.07692307692307693,13,4,0.799276,1
TSM,2025-09-30,2.92,2.59,tech_cycle,0.33000000000000007,0.33000000000000007,2025,9,3,1,12.741312741312743,bull,0.07792323071187024,0.5059565752643931,15.957499966025352,-0.5103555943374701,0.005384615384615367,-0.0006293706293706222,2.0,0.06000000000000005,-0.018846153846153853,0.0,13,5,0.9319163,1
CL,2025-09-30,0.91,0.89,defensive_baseline,0.020000000000000018,0.020000000000000018,2025,9,3,1,2.247191011235957,bull,0.07792323071187024,0.5059565752643931,15.957499966025352,-0.5103555943374701,-0.0011538461538461487,-0.0006293706293706299,0.0,-0.020000000000000018,0.0009890109890109899,0.06593406593406594,13,1,0.5130372,1
TMO,2025-09-30,5.79,5.5,regulatory_idiosyncratic,0.29000000000000004,0.29000000000000004,2025,9,3,1,5.272727272727273,bull,0.07792323071187024,0.5059565752643931,15.957499966025352,-0.5103555943374701,0.0003296703296703812,-0.0010139860139859924,1.0,-0.009999999999999787,-0.0011538461538461537,0.027472527472527472,13,4,0.8835585,1
CVS,2025-09-30,1.6,1.36,regulatory_idiosyncratic,0.24,0.24,2025,9,3,1,17.64705882352941,bull,0.07792323071187024,0.5059565752643931,15.957499966025352,-0.5103555943374701,-0.003626373626373627,0.001608391608391609,0.0,-0.019999999999999796,-0.00214285714285714,-0.04945054945054945,13,4,0.8407924,1
SO,2025-09-30,1.6,1.5,defensive_baseline,0.10000000000000009,0.10000000000000009,2025,9,3,1,6.666666666666672,bull,0.07792323071187024,0.5059565752643931,15.957499966025352,-0.5103555943374701,0.0014835164835164715,0.0013286713286713298,2.0,0.040000000000000036,-0.02829670329670329,0.08241758241758242,13,1,0.5909935,1
ABT,2025-09-30,1.3,1.3,regulatory_idiosyncratic,0.0,0.0,2025,9,3,0,0.0,bull,0.07792323071187024,0.5059565752643931,15.957499966025352,-0.5103555943374701,-0.0006593406593406843,0.0007692307692307699,0.0,0.0,-0.0026373626373626326,0.0,13,4,0.84754807,1
CVX,2025-09-30,1.85,1.66,commodity_driven,0.19000000000000017,0.19000000000000017,2025,9,3,1,11.445783132530131,bull,0.07792323071187024,0.5059565752643931,15.957499966025352,-0.5103555943374701,-0.023956043956043973,-0.017517482517482523,1.0,-0.44000000000000017,-0.02186813186813184,0.14835164835164835,13,0,0.67542857,1
SLB,2025-09-30,0.69,0.66,commodity_driven,0.029999999999999916,0.029999999999999916,2025,9,3,1,4.5454545454545325,bull,0.07792323071187024,0.5059565752643931,15.957499966025352,-0.5103555943374701,-0.0025824175824175712,0.0018531468531468513,0.0,-0.010000000000000009,-0.0007692307692307742,0.005494505494505495,13,0,0.1604806,0
SCHW,2025-09-30,1.31,1.24,macro_rate_sensitive,0.07000000000000006,0.07000000000000006,2025,9,3,1,5.645161290322586,bull,0.07792323071187024,0.5059565752643931,15.957499966025352,-0.5103555943374701,0.004945054945054952,-0.0014335664335664348,0.0,0.030000000000000027,-0.007417582417582403,0.15934065934065933,13,3,0.9560354,1
GE,2025-09-30,1.66,1.46,economically_cyclical,0.19999999999999996,0.19999999999999996,2025,9,3,1,13.698630136986298,bull,0.07792323071187024,0.5059565752643931,15.957499966025352,-0.5103555943374701,0.002571428571428544,-0.0024175824175824124,2.0,0.010000000000000009,0.0015824175824175897,0.02857142857142857,14,2,0.44647253,0
CAT,2025-09-30,4.95,4.52,economically_cyclical,0.4300000000000006,0.4300000000000006,2025,9,3,1,9.513274336283201,bull,0.07792323071187024,0.5059565752643931,15.957499966025352,-0.5103555943374701,-0.015559440559440668,0.0031818181818181867,3.0,-0.09000000000000075,-0.007202797202797258,-0.0944055944055944,12,2,0.47482565,0
SBUX,2025-09-30,0.52,0.55,economically_cyclical,-0.030000000000000027,-0.030000000000000027,2025,9,3,0,-5.4545454545454595,bull,0.07792323071187024,0.5059565752643931,15.957499966025352,-0.5103555943374701,-0.0033516483516483437,-0.0003496503496503457,0.0,-0.029999999999999916,0.005219780219780219,-0.08241758241758242,13,2,0.31067175,0
AEP,2025-09-30,1.8,1.81,defensive_baseline,-0.010000000000000009,-0.010000000000000009,2025,9,3,0,-0.5524861878453043,bull,0.07792323071187024,0.5059565752643931,15.957499966025352,-0.5103555943374701,-0.0027472527472527275,-0.0020979020979020996,0.0,-0.06000000000000005,-0.010439560439560404,-0.054945054945054944,13,1,0.5100702,1
QCOM,2025-09-30,3.0,2.88,tech_cycle,0.1200000000000001,0.1200000000000001,2025,9,3,1,4.1666666666666705,bull,0.07792323071187024,0.5059565752643931,15.957499966025352,-0.5103555943374701,0.0033626373626373493,-0.00027472527472526887,0.0,0.020000000000000018,-0.011450549450549437,-0.054945054945054944,14,5,0.7522711,1
LLY,2025-09-30,7.02,6.02,regulatory_idiosyncratic,1.0,1.0,2025,9,3,1,16.611295681063122,bull,0.07792323071187024,0.5059565752643931,15.957499966025352,-0.5103555943374701,-0.013706293706293763,-0.022545454545454573,1.0,-0.40000000000000036,-0.043391608391608404,0.0,12,4,0.6865809,1
PNC,2025-09-30,4.35,4.05,macro_rate_sensitive,0.2999999999999998,0.2999999999999998,2025,9,3,1,7.407407407407403,bull,0.07792323071187024,0.5059565752643931,15.957499966025352,-0.5103555943374701,0.005714285714285729,0.00041958041958042153,0.0,0.04999999999999982,0.007912087912087943,0.0,13,3,0.81609535,1
DUK,2025-09-30,1.81,1.74,defensive_baseline,0.07000000000000006,0.07000000000000006,2025,9,3,1,4.02298850574713,bull,0.07792323071187024,0.5059565752643931,15.957499966025352,-0.5103555943374701,0.0024725274725275075,0.001503496503496505,1.0,0.040000000000000036,0.001483516483516485,0.16483516483516483,13,1,0.7235069,1
PSX,2025-09-30,2.52,2.07,commodity_driven,0.4500000000000002,0.4500000000000002,2025,9,3,1,21.73913043478262,bull,0.07792323071187024,0.5059565752643931,15.957499966025352,-0.5103555943374701,-0.011670329670329707,-0.0036813186813186858,3.0,-0.11000000000000032,-0.0669010989010989,-0.07032967032967033,14,0,0.5970996,1
PSA,2025-09-30,4.31,4.24,macro_rate_sensitive,0.0699999999999994,0.0699999999999994,2025,9,3,1,1.6509433962264008,bull,0.07792323071187024,0.5059565752643931,15.957499966025352,-0.5103555943374701,-0.000989010989010968,-6.993006993006844e-05,2.0,-0.009999999999999787,-0.002857142857142923,-0.07142857142857142,13,3,0.83604026,1
EOG,2025-09-30,2.71,2.43,commodity_driven,0.2799999999999998,0.2799999999999998,2025,9,3,1,11.522633744855957,bull,0.07792323071187024,0.5059565752643931,15.957499966025352,-0.5103555943374701,0.000604395604395611,-0.002482517482517482,5.0,-0.029999999999999805,-0.05219780219780218,0.09340659340659341,13,0,0.6981636,1
NVDA,2025-10-31,1.3,1.24,tech_cycle,0.06000000000000005,0.06000000000000005,2025,10,4,1,4.8387096774193585,sideways,0.07792323071187024,0.5059565752643931,15.957499966025352,-0.5103555943374701,0.0023076923076923205,-0.0018181818181818197,0.0,0.010000000000000009,0.00013986013986015783,-0.08391608391608392,12,5,0.8798914,1
LOW,2025-10-31,3.06,2.97,economically_cyclical,0.08999999999999986,0.08999999999999986,2025,10,4,1,3.0303030303030254,sideways,0.07792323071187024,0.5059565752643931,15.957499966025352,-0.5103555943374701,-0.0030219780219780065,-0.0008041958041957902,0.0,-0.03999999999999959,-0.008516483516483509,-0.03296703296703297,13,2,0.7723698,1
WMT,2025-10-31,0.62,0.61,defensive_baseline,0.010000000000000009,0.010000000000000009,2025,10,4,1,1.6393442622950833,sideways,0.07792323071187024,0.5059565752643931,15.957499966025352,-0.5103555943374701,0.0003296703296703324,0.00038461538461538494,0.0,0.010000000000000009,-0.0036263736263736196,-0.08241758241758242,13,1,0.4932773,0
AMAT,2025-10-31,2.17,2.11,tech_cycle,0.06000000000000005,0.06000000000000005,2025,10,4,1,2.8436018957346,sideways,0.07792323071187024,0.5059565752643931,15.957499966025352,-0.5103555943374701,-0.007967032967032993,0.00447552447552447,0.0,-0.03000000000000025,-0.02076923076923074,0.038461538461538464,13,5,0.9040668,1
HD,2025-10-31,3.74,3.81,economically_cyclical,-0.06999999999999984,-0.06999999999999984,2025,10,4,0,-1.8372703412073448,sideways,0.07792323071187024,0.5059565752643931,15.957499966025352,-0.5103555943374701,-0.00324175824175828,-0.0010839160839160795,0.0,-0.04999999999999982,-0.0046153846153846045,0.1043956043956044,13,2,0.85392004,1
DE,2025-10-31,3.93,3.96,economically_cyclical,-0.029999999999999805,-0.029999999999999805,2025,10,4,0,-0.7575757575757527,sideways,0.07792323071187024,0.5059565752643931,15.957499966025352,-0.5103555943374701,-0.012535714285714279,0.00815384615384615,0.0,-0.010000000000000231,-0.020714285714285737,-0.075,15,2,0.58464986,1
AVGO,2025-10-31,1.95,1.87,tech_cycle,0.07999999999999985,0.07999999999999985,2025,10,4,1,4.278074866310152,sideways,0.07792323071187024,0.5059565752643931,15.957499966025352,-0.5103555943374701,0.0031868131868132087,-0.001483516483516485,0.0,0.010000000000000009,-0.006483516483516488,0.01098901098901099,14,5,0.95440346,1
COST,2025-11-30,4.34,4.26,defensive_baseline,0.08000000000000007,0.08000000000000007,2025,11,4,1,1.8779342723004713,bull,0.02347925232111092,-0.14783289189333612,17.75359381735325,-0.19160142599209093,-0.0012727272727272134,0.0020606060606060167,1.0,0.009999999999999787,0.008727272727272783,0.05454545454545454,11,1,0.4795931,0
MU,2025-11-30,4.78,3.91,tech_cycle,0.8700000000000001,0.8700000000000001,2025,11,4,1,22.25063938618926,bull,0.02347925232111092,-0.14783289189333612,17.75359381735325,-0.19160142599209093,0.007062937062937049,0.005636363636363642,0.0,0.14000000000000012,0.02395104895104893,0.0,12,5,0.89390564,1
NKE,2025-11-30,0.53,0.37,economically_cyclical,0.16000000000000003,0.16000000000000003,2025,11,4,1,43.24324324324325,bull,0.02347925232111092,-0.14783289189333612,17.75359381735325,-0.19160142599209093,-0.0017272727272727268,0.0015151515151515165,0.0,0.0,-0.008727272727272722,-0.12727272727272726,11,2,0.5542972,1
CVX,2025-12-31,1.52,1.44,commodity_driven,0.08000000000000007,0.08000000000000007,2025,12,4,1,5.555555555555561,sideways,0.02347925232111092,-0.14783289189333612,17.75359381735325,-0.19160142599209093,-0.0069230769230769025,-0.0035314685314685344,3.0,-0.1100000000000001,0.006043956043956042,0.13186813186813187,13,0,0.24235748,0
BAC,2025-12-31,0.98,0.96,macro_rate_sensitive,0.020000000000000018,0.020000000000000018,2025,12,4,1,2.0833333333333353,sideways,0.02347925232111092,-0.14783289189333612,17.75359381735325,-0.19160142599209093,-0.0014285714285714615,-0.0004895104895104899,0.0,-0.020000000000000018,0.0026923076923076827,-0.11538461538461539,13,3,0.64194417,1
LIN,2025-12-31,4.2,4.18,commodity_driven,0.020000000000000462,0.020000000000000462,2025,12,4,1,0.4784688995215422,sideways,0.02347925232111092,-0.14783289189333612,17.75359381735325,-0.19160142599209093,-0.0025934065934066397,0.001373626373626403,2.0,-0.02999999999999936,0.0073406593406593465,0.18021978021978022,14,0,0.13215397,0
XOM,2025-12-31,1.71,1.68,commodity_driven,0.030000000000000027,0.030000000000000027,2025,12,4,1,1.7857142857142874,sideways,0.02347925232111092,-0.14783289189333612,17.75359381735325,-0.19160142599209093,0.0007692307692307821,0.0005944055944055903,7.0,0.019999999999999796,0.007857142857142865,0.14835164835164835,13,0,0.554401,1
GE,2025-12-31,1.57,1.44,economically_cyclical,0.13000000000000012,0.13000000000000012,2025,12,4,1,9.027777777777786,sideways,0.02347925232111092,-0.14783289189333612,17.75359381735325,-0.19160142599209093,0.0006043956043956013,0.0010839160839160849,1.0,0.020000000000000018,0.0010989010989011132,0.03296703296703297,13,2,0.5481201,1
KO,2025-12-31,0.58,0.57,defensive_baseline,0.010000000000000009,0.010000000000000009,2025,12,4,1,1.7543859649122824,sideways,0.02347925232111092,-0.14783289189333612,17.75359381735325,-0.19160142599209093,0.00022058823529411557,0.00024999999999999746,0.0,0.009999999999999898,-0.0005294117647058828,-0.039705882352941174,16,1,0.49097073,0
CL,2025-12-31,0.95,0.91,defensive_baseline,0.039999999999999925,0.039999999999999925,2025,12,4,1,4.395604395604387,sideways,0.02347925232111092,-0.14783289189333612,17.75359381735325,-0.19160142599209093,-0.0006593406593406648,0.0,0.0,-0.010000000000000009,-0.0014835164835164756,0.06593406593406594,13,1,0.66302896,1
WFC,2025-12-31,1.76,1.66,macro_rate_sensitive,0.10000000000000009,0.10000000000000009,2025,12,4,1,6.024096385542174,sideways,0.02347925232111092,-0.14783289189333612,17.75359381735325,-0.19160142599209093,-0.00032967032967031286,-0.000174825174825175,2.0,0.0,-0.004945054945054948,0.0,13,3,0.64988995,1
KMB,2025-12-31,1.86,1.39,defensive_baseline,0.4700000000000002,0.38000000000000034,2025,12,4,1,33.81294964028779,sideways,0.02347925232111092,-0.14783289189333612,17.75359381735325,-0.19160142599209093,-0.016978021978022017,-0.002272727272727275,1.0,-0.16000000000000014,-0.04840659340659343,-0.19230769230769232,13,1,0.3195249,0
EOG,2025-12-31,2.27,2.2,commodity_driven,0.06999999999999984,0.06999999999999984,2025,12,4,1,3.1818181818181746,sideways,0.02347925232111092,-0.14783289189333612,17.75359381735325,-0.19160142599209093,-0.006176470588235298,-0.00028571428571428595,5.0,-0.05999999999999961,-0.016735294117647063,0.10882352941176471,16,0,0.47627324,0
CAT,2025-12-31,5.16,4.67,economically_cyclical,0.4900000000000002,0.4900000000000002,2025,12,4,1,10.492505353319062,sideways,0.02347925232111092,-0.14783289189333612,17.75359381735325,-0.19160142599209093,0.007087912087912142,0.004999999999999999,3.0,0.15000000000000036,0.000274725274725303,0.04945054945054945,13,2,0.7780769,1
GILD,2025-12-31,1.86,1.83,regulatory_idiosyncratic,0.030000000000000027,0.030000000000000027,2025,12,4,1,1.6393442622950833,sideways,0.02347925232111092,-0.14783289189333612,17.75359381735325,-0.19160142599209093,-0.0029642857142857144,0.0005714285714285666,2.0,-0.030000000000000027,0.0007142857142857173,0.125,15,4,0.6561016,1
INTC,2025-12-31,0.15,0.08,tech_cycle,0.06999999999999999,0.06999999999999999,2025,12,4,1,87.49999999999999,sideways,0.02347925232111092,-0.14783289189333612,17.75359381735325,-0.19160142599209093,0.0007692307692307693,0.00027972027972027956,1.0,0.009999999999999995,-0.0019780219780219798,0.17582417582417584,13,5,0.8863955,1
KLAC,2025-12-31,8.85,8.82,tech_cycle,0.02999999999999936,0.02999999999999936,2025,12,4,1,0.3401360544217614,sideways,0.02347925232111092,-0.14783289189333612,17.75359381735325,-0.19160142599209093,0.002307692307692317,0.002692307692307703,0.0,0.07000000000000028,0.0052197802197802255,0.03296703296703297,13,5,0.5954693,1
CVS,2025-12-31,1.09,0.99,regulatory_idiosyncratic,0.10000000000000009,0.10000000000000009,2025,12,4,1,10.101010101010111,sideways,0.02347925232111092,-0.14783289189333612,17.75359381735325,-0.19160142599209093,0.0029999999999999996,-0.00039560439560439595,2.0,0.010000000000000009,0.0016428571428571436,0.08928571428571429,15,4,0.45851102,0
BMY,2025-12-31,1.26,1.15,regulatory_idiosyncratic,0.1100000000000001,0.1100000000000001,2025,12,4,1,9.565217391304357,sideways,0.02347925232111092,-0.14783289189333612,17.75359381735325,-0.19160142599209093,-0.016571428571428577,-0.017692307692307688,1.0,-0.5,0.02868131868131868,-0.02857142857142857,14,4,0.3534756,0
JNJ,2025-12-31,2.46,2.43,regulatory_idiosyncratic,0.029999999999999805,0.029999999999999805,2025,12,4,1,1.2345679012345598,sideways,0.02347925232111092,-0.14783289189333612,17.75359381735325,-0.19160142599209093,-0.0013846153846153746,-0.0012637362637362515,0.0,-0.03999999999999959,0.004131868131868112,0.0989010989010989,14,4,0.5805896,1
HON,2025-12-31,2.59,2.53,economically_cyclical,0.06000000000000005,0.06000000000000005,2025,12,4,1,2.371541501976287,sideways,0.02347925232111092,-0.14783289189333612,17.75359381735325,-0.19160142599209093,-0.004153846153846202,0.002142857142857158,0.0,-0.029999999999999805,-0.004175824175824167,0.14505494505494507,14,2,0.43160662,0
GS,2025-12-31,14.01,11.77,macro_rate_sensitive,2.24,2.24,2025,12,4,1,19.031435853865762,sideways,0.02347925232111092,-0.14783289189333612,17.75359381735325,-0.19160142599209093,0.008956043956043776,-0.006328671328671355,2.0,0.03999999999999915,0.023076923076923064,0.0,13,3,0.8679444,1
BA,2025-12-31,-1.91,-0.46,economically_cyclical,-1.45,-1.45,2025,12,4,0,-315.2173913043478,sideways,0.02347925232111092,-0.14783289189333612,17.75359381735325,-0.19160142599209093,-0.0012637362637362612,0.0075174825174825185,2.0,0.02999999999999997,0.003626373626373637,0.0,13,2,0.3864329,0
C,2025-12-31,1.81,1.65,macro_rate_sensitive,0.16000000000000014,0.16000000000000014,2025,12,4,1,9.696969696969706,sideways,0.02347925232111092,-0.14783289189333612,17.75359381735325,-0.19160142599209093,-0.0059340659340659735,-0.005034965034965039,3.0,-0.13000000000000012,-0.019560439560439555,-0.14835164835164835,13,3,0.42095053,0
JPM,2025-12-31,5.23,4.87,macro_rate_sensitive,0.3600000000000003,0.3600000000000003,2025,12,4,1,7.39219712525668,sideways,0.02347925232111092,-0.14783289189333612,17.75359381735325,-0.19160142599209093,0.015164835164835036,0.0018881118881118914,2.0,0.16999999999999993,-0.04181318681318674,-0.11538461538461539,13,3,0.55421925,1
DUK,2025-12-31,1.5,1.51,defensive_baseline,-0.010000000000000009,-0.010000000000000009,2025,12,4,0,-0.6622516556291397,sideways,0.02347925232111092,-0.14783289189333612,17.75359381735325,-0.19160142599209093,-0.007032967032967047,0.0004945054945054949,1.0,-0.06000000000000005,0.004219780219780235,0.0,14,1,0.19722183,0
VLO,2025-12-31,3.82,3.22,commodity_driven,0.5999999999999996,0.5999999999999996,2025,12,4,1,18.633540372670794,sideways,0.02347925232111092,-0.14783289189333612,17.75359381735325,-0.19160142599209093,0.0486813186813187,-0.017252747252747263,2.0,-0.1200000000000001,-0.028307692307692346,0.11648351648351649,14,0,0.7812193,1
TXN,2025-12-31,1.27,1.3,tech_cycle,-0.030000000000000027,-0.030000000000000027,2025,12,4,0,-2.3076923076923097,sideways,0.02347925232111092,-0.14783289189333612,17.75359381735325,-0.19160142599209093,4.395604395604302e-05,0.0009340659340659349,1.0,0.020000000000000018,-0.001450549450549447,0.02857142857142857,14,5,0.8087992,1
PEP,2025-12-31,2.26,2.24,defensive_baseline,0.019999999999999574,0.019999999999999574,2025,12,4,1,0.8928571428571237,sideways,0.02347925232111092,-0.14783289189333612,17.75359381735325,-0.19160142599209093,0.0019852941176470643,-0.0005588235294117606,0.0,0.010000000000000231,-0.007279411764705897,-0.056372549019607844,17,1,0.51321274,1
LLY,2025-12-31,7.54,6.99,regulatory_idiosyncratic,0.5499999999999998,0.5499999999999998,2025,12,4,1,7.8683834048640895,sideways,0.02347925232111092,-0.14783289189333612,17.75359381735325,-0.19160142599209093,-0.00461538461538454,-0.022582417582417573,3.0,-0.5099999999999998,-0.03628571428571419,0.05934065934065934,14,4,0.5548944,1
PFE,2025-12-31,0.66,0.57,regulatory_idiosyncratic,0.09000000000000008,0.09000000000000008,2025,12,4,1,15.789473684210542,sideways,0.02347925232111092,-0.14783289189333612,17.75359381735325,-0.19160142599209093,-0.009065934065934068,0.0005244755244755241,2.0,-0.07000000000000006,-0.0029670329670329586,0.14285714285714285,13,4,0.7100411,1
PG,2025-12-31,1.88,1.87,defensive_baseline,0.009999999999999787,0.009999999999999787,2025,12,4,1,0.5347593582887586,sideways,0.02347925232111092,-0.14783289189333612,17.75359381735325,-0.19160142599209093,-0.002692307692307635,0.0013636363636363672,0.0,-0.009999999999999787,0.004505494505494502,0.06593406593406594,13,1,0.22375453,0
AMD,2025-12-31,1.53,1.32,tech_cycle,0.20999999999999996,0.20999999999999996,2025,12,4,1,15.909090909090907,sideways,0.02347925232111092,-0.14783289189333612,17.75359381735325,-0.19160142599209093,0.00016483516483515643,0.001013986013986015,1.0,0.010000000000000009,-0.004450549450549447,0.16483516483516483,13,5,0.9450018,1
UNH,2025-12-31,2.11,2.09,regulatory_idiosyncratic,0.020000000000000018,0.020000000000000018,2025,12,4,1,0.956937799043063,sideways,0.02347925232111092,-0.14783289189333612,17.75359381735325,-0.19160142599209093,0.002032967032967019,-1.552759475000219e-18,2.0,0.020000000000000018,0.01653846153846154,0.14835164835164835,13,4,0.6841223,1
PLD,2025-12-31,1.49,1.44,macro_rate_sensitive,0.050000000000000044,0.050000000000000044,2025,12,4,1,3.472222222222225,sideways,0.02347925232111092,-0.14783289189333612,17.75359381735325,-0.19160142599209093,-0.0002500000000000074,0.00028571428571428595,0.0,0.0,-0.0004642857142857147,-0.02857142857142857,15,3,0.290373,0
PNC,2025-12-31,4.88,4.23,macro_rate_sensitive,0.6499999999999995,0.6499999999999995,2025,12,4,1,15.366430260047267,sideways,0.02347925232111092,-0.14783289189333612,17.75359381735325,-0.19160142599209093,0.003296703296703324,0.0009440559440559364,0.0,0.040000000000000036,-0.005109890109890045,0.0,13,3,0.5839058,1
PSA,2025-12-31,4.26,4.21,macro_rate_sensitive,0.04999999999999982,0.04999999999999982,2025,12,4,1,1.1876484560570029,sideways,0.02347925232111092,-0.14783289189333612,17.75359381735325,-0.19160142599209093,-0.000857142857142915,-0.0007032967032967098,5.0,-0.03000000000000025,0.0022142857142857402,-0.07142857142857142,15,3,0.6865819,1
PSX,2025-12-31,2.47,2.11,commodity_driven,0.3600000000000003,0.3600000000000003,2025,12,4,1,17.061611374407597,sideways,0.02347925232111092,-0.14783289189333612,17.75359381735325,-0.19160142599209093,0.020395604395604398,-0.01258241758241759,4.0,-0.2200000000000002,-0.014021978021978024,0.17802197802197803,14,0,0.5590908,1
AEP,2025-12-31,1.19,1.15,defensive_baseline,0.040000000000000036,0.040000000000000036,2025,12,4,1,3.478260869565221,sideways,0.02347925232111092,-0.14783289189333612,17.75359381735325,-0.19160142599209093,0.004357142857142866,-0.004329670329670327,1.0,0.0,-0.02174999999999998,-0.04642857142857143,15,1,0.5050096,1
QCOM,2025-12-31,3.5,3.39,tech_cycle,0.10999999999999988,0.10999999999999988,2025,12,4,1,3.244837758112091,sideways,0.02347925232111092,-0.14783289189333612,17.75359381735325,-0.19160142599209093,0.002142857142857107,-0.0017482517482517359,1.0,-0.009999999999999787,-0.002307692307692288,0.08241758241758242,13,5,0.8900762,1
SBUX,2025-12-31,0.56,0.58,economically_cyclical,-0.019999999999999907,-0.019999999999999907,2025,12,4,0,-3.4482758620689493,sideways,0.02347925232111092,-0.14783289189333612,17.75359381735325,-0.19160142599209093,-0.0043406593406593455,-0.00031468531468531496,0.0,-0.040000000000000036,-0.009450549450549451,0.03296703296703297,13,2,0.52433205,1
SCHW,2025-12-31,1.39,1.36,macro_rate_sensitive,0.029999999999999805,0.029999999999999805,2025,12,4,1,2.205882352941162,sideways,0.02347925232111092,-0.14783289189333612,17.75359381735325,-0.19160142599209093,0.003626373626373623,0.0014285714285714299,0.0,0.06000000000000005,0.005538461538461527,0.0,14,3,0.38914403,0
ABT,2025-12-31,1.5,1.5,regulatory_idiosyncratic,0.0,0.0,2025,12,4,0,0.0,sideways,0.02347925232111092,-0.14783289189333612,17.75359381735325,-0.19160142599209093,0.0,0.0,0.0,0.0,6.5934065934066e-05,0.006593406593406593,14,4,0.763782,1
SLB,2025-12-31,0.78,0.74,commodity_driven,0.040000000000000036,0.040000000000000036,2025,12,4,1,5.405405405405411,sideways,0.02347925232111092,-0.14783289189333612,17.75359381735325,-0.19160142599209093,3.904080965714836e-18,0.0,0.0,0.0,-0.00028571428571428546,0.13406593406593406,14,0,0.54330146,1
SO,2025-12-31,0.55,0.56,defensive_baseline,-0.010000000000000009,-0.010000000000000009,2025,12,4,0,-1.785714285714287,sideways,0.02347925232111092,-0.14783289189333612,17.75359381735325,-0.19160142599209093,-0.003470588235294117,-0.0002857142857142844,3.0,-0.019999999999999907,0.002882352941176473,0.08235294117647059,16,1,0.3711773,0
TMO,2025-12-31,6.57,6.43,regulatory_idiosyncratic,0.14000000000000057,0.14000000000000057,2025,12,4,1,2.1772939346811913,sideways,0.02347925232111092,-0.14783289189333612,17.75359381735325,-0.19160142599209093,-0.0004175824175823501,0.000274725274725264,4.0,0.0,-0.0019999999999999827,0.13626373626373625,14,4,0.6430978,1
ABBV,2025-12-31,2.71,2.66,regulatory_idiosyncratic,0.04999999999999982,0.04999999999999982,2025,12,4,1,1.879699248120294,sideways,0.02347925232111092,-0.14783289189333612,17.75359381735325,-0.19160142599209093,-0.03145054945054955,-0.02148351648351649,1.0,-0.71,0.023010989010989007,0.02857142857142857,14,4,0.3042864,0
TSM,2025-12-31,3.14,2.82,tech_cycle,0.3200000000000003,0.3200000000000003,2025,12,4,1,11.347517730496465,sideways,0.02347925232111092,-0.14783289189333612,17.75359381735325,-0.19160142599209093,0.004175824175824184,-0.002972027972027994,2.0,0.029999999999999805,0.002527472527472544,0.03296703296703297,13,5,0.9044036,1
AMGN,2025-12-31,5.29,4.76,regulatory_idiosyncratic,0.5300000000000002,0.5300000000000002,2025,12,4,1,11.134453781512612,sideways,0.02347925232111092,-0.14783289189333612,17.75359381735325,-0.19160142599209093,-0.0035714285714286025,0.003916083916083907,3.0,0.009999999999999787,-0.004450549450549405,-0.02197802197802198,13,4,0.8027067,1
OXY,2025-12-31,0.31,0.19,commodity_driven,0.12,0.12,2025,12,4,1,63.1578947368421,sideways,0.02347925232111092,-0.14783289189333612,17.75359381735325,-0.19160142599209093,-0.01962637362637363,-5.494505494505621e-05,0.0,-0.15000000000000002,-0.01270329670329671,0.08791208791208792,14,0,0.4568,0
APD,2025-12-31,3.16,3.04,commodity_driven,0.1200000000000001,0.1200000000000001,2025,12,4,1,3.947368421052635,sideways,0.02347925232111092,-0.14783289189333612,17.75359381735325,-0.19160142599209093,-0.0011888111888112007,0.001636363636363642,2.0,0.0,-0.0023076923076923096,0.26573426573426573,12,0,0.6859202,1
LRCX,2025-12-31,1.27,1.17,tech_cycle,0.10000000000000009,0.10000000000000009,2025,12,4,1,8.547008547008556,sideways,0.02347925232111092,-0.14783289189333612,17.75359381735325,-0.19160142599209093,0.0024615384615384716,0.00010989010989010998,0.0,0.020000000000000018,-0.010153846153846144,-0.04395604395604396,14,5,0.8124679,1
COP,2025-12-31,1.02,1.08,commodity_driven,-0.06000000000000005,-0.06000000000000005,2025,12,4,0,-5.55555555555556,sideways,0.02347925232111092,-0.14783289189333612,17.75359381735325,-0.19160142599209093,-0.013076923076923071,-0.004195804195804192,2.0,-0.18999999999999995,-0.016978021978021996,0.08241758241758242,13,0,0.4853445,0
ASML,2025-12-31,8.55,9.01,tech_cycle,-0.4599999999999991,-0.3803999999999999,2025,12,4,0,-5.105438401775794,sideways,0.02347925232111092,-0.14783289189333612,17.75359381735325,-0.19160142599209093,0.00464285714285731,0.004769230769230769,0.0,0.16999999999999993,0.015142857142857086,0.025,15,5,0.8687297,1
MCD,2025-12-31,3.12,3.05,economically_cyclical,0.07000000000000028,0.07000000000000028,2025,12,4,1,2.2950819672131244,sideways,0.02347925232111092,-0.14783289189333612,17.75359381735325,-0.19160142599209093,0.0010109890109890128,0.0017582417582417621,1.0,0.040000000000000036,-0.0015164835164835223,0.02857142857142857,14,2,0.42029747,0
AMT,2025-12-31,2.63,2.54,macro_rate_sensitive,0.08999999999999986,0.08999999999999986,2025,12,4,1,3.543307086614168,sideways,0.02347925232111092,-0.14783289189333612,17.75359381735325,-0.19160142599209093,8.707631565687502e-18,0.0,0.0,0.0,0.001470588235294119,0.13725490196078433,17,3,0.5963298,1
NEE,2025-12-31,0.54,0.53,defensive_baseline,0.010000000000000009,0.010000000000000009,2025,12,4,1,1.8867924528301903,sideways,0.02347925232111092,-0.14783289189333612,17.75359381735325,-0.19160142599209093,-0.01104395604395606,-0.0032167832167832168,0.0,-0.14,-0.021593406593406597,-0.04945054945054945,13,1,0.30250105,0
MO,2025-12-31,1.3,1.31,defensive_baseline,-0.010000000000000009,-0.010000000000000009,2025,12,4,0,-0.7633587786259549,sideways,0.02347925232111092,-0.14783289189333612,17.75359381735325,-0.19160142599209093,-1.4640303621430636e-17,0.0007692307692307699,1.0,0.010000000000000009,0.00021978021978021997,0.06593406593406594,13,1,0.49682254,0
MPC,2025-12-31,4.07,2.73,commodity_driven,1.3400000000000003,1.3400000000000003,2025,12,4,1,49.084249084249095,sideways,0.02347925232111092,-0.14783289189333612,17.75359381735325,-0.19160142599209093,-0.057197802197802315,-0.048951048951048945,1.0,-1.3000000000000003,-0.030549450549450588,0.0,13,0,0.64167947,1
NEM,2025-12-31,2.52,2.03,commodity_driven,0.4900000000000002,0.4900000000000002,2025,12,4,1,24.137931034482772,sideways,0.02347925232111092,-0.14783289189333612,17.75359381735325,-0.19160142599209093,0.02710784313725489,-0.0009411764705882328,2.0,0.30000000000000004,0.0317156862745098,0.11764705882352941,17,0,0.90323526,1
USB,2025-12-31,1.26,1.19,macro_rate_sensitive,0.07000000000000006,0.07000000000000006,2025,12,4,1,5.882352941176476,sideways,0.02347925232111092,-0.14783289189333612,17.75359381735325,-0.19160142599209093,0.002285714285714276,-0.0007692307692307699,0.0,0.010000000000000009,-0.0024395604395604253,0.08131868131868132,14,3,0.78943074,1
MS,2025-12-31,2.68,2.41,macro_rate_sensitive,0.27,0.27,2025,12,4,1,11.20331950207469,sideways,0.02347925232111092,-0.14783289189333612,17.75359381735325,-0.19160142599209093,0.014780219780219817,-0.002412587412587397,0.0,0.16000000000000014,-0.012197802197802194,-0.03296703296703297,13,3,0.89023983,1
MMM,2025-12-31,1.83,1.82,economically_cyclical,0.010000000000000009,0.010000000000000009,2025,12,4,1,0.5494505494505499,sideways,0.02347925232111092,-0.14783289189333612,17.75359381735325,-0.19160142599209093,-0.0003296703296703812,-0.00038461538461538494,0.0,-0.010000000000000009,0.0013186813186813198,0.0,13,2,0.53603363,1
MRK,2025-12-31,2.04,2.03,regulatory_idiosyncratic,0.010000000000000231,0.010000000000000231,2025,12,4,1,0.4926108374384351,sideways,0.02347925232111092,-0.14783289189333612,17.75359381735325,-0.19160142599209093,-0.006571428571428568,0.0017032967032966986,2.0,-0.040000000000000036,0.0028351648351648178,0.16483516483516483,14,4,0.4940494,0
AMZN,2025-12-31,1.95,1.98,economically_cyclical,-0.030000000000000027,-0.030000000000000027,2025,12,4,0,-1.5151515151515165,sideways,0.02347925232111092,-0.14783289189333612,17.75359381735325,-0.19160142599209093,0.0002857142857142445,0.00032967032967032994,0.0,0.010000000000000009,-2.197802197802346e-05,-0.07032967032967033,14,2,0.40072903,0
